entry_id,pretty_formula
mp-2606,BaPd5
mp-2,Pd
mp-1687,BaPd2
mp-1008505,BaPd
mp-122,Ba
mp-867870,SmAl3
mp-581770,Sm4Al23Ni6
mp-134,Al
mp-2593,AlNi3
mp-1075,SmNi5
mp-23,Ni
mp-1105945,Sm3Ni
mp-1025458,SmAl2Ni
mp-69,Sm
mp-999145,SmNi
mp-978951,SmAl
mp-2358,SmAl2
mp-622209,Al3Ni
mp-1057,Al3Ni2
mp-11945,SmAl4Ni
mp-573541,Sm3(AlNi3)2
mp-1095619,SmNi3
mp-1487,AlNi
mp-16514,Al3Ni5
mp-1208898,SmAl3Ni
mp-1402,SmNi2
mp-1200995,Sm2Ni7
mp-1208873,SmAl3Ni2
mp-16515,Al4Ni3
mp-1328,SrRh2
mp-74,Rh
mp-1063245,Sr2Rh
mp-76,Sr
mp-1066577,NpPt
mp-11534,Np
mp-1186410,NpPt3
mp-126,Pt
mp-11526,TmNi5
mp-16517,TmAl2Ni
mp-768,TmAl3
mp-1216573,TmAlNi4
mp-1576,TmNi2
mp-1190028,TmAl3Ni2
mp-1087523,TmAlNi
mp-1191848,Tm3(AlNi3)2
mp-11525,TmNi
mp-16721,TmAl
mp-143,Tm
mp-858,TmAl2
mp-16518,TmAl4Ni
mp-1069611,Tm2AlNi2
mp-1069825,PrAl3Cu
mp-12553,PrAl3
mp-1189,PrAl2
mp-593,Al4Cu9
mp-2500,AlCu
mp-12802,AlCu3
mp-2462,PrCu5
mp-30,Cu
mp-1071904,PrCu2
mp-862763,Pr(Al2Cu)4
mp-985806,Al2Cu
mp-1078692,PrAlCu
mp-568417,PrAl
mp-1059256,Pr
mp-1095464,YAlPd
mp-1207714,Y2(Al3Pd)3
mp-669546,AlPd
mp-2322,YAl2
mp-1498,Al21Pd8
mp-865527,YAl3
mp-1078242,YAlPd2
mp-1066136,YPd
mp-1104019,Y3Pd4
mp-11230,Y2Al
mp-10901,Al3Pd2
mp-605663,AlPd5
mp-559,YPd3
mp-2824,AlPd2
mp-1078938,YAl2Pd5
mp-1207777,Y3Pd
mp-112,Y
mp-607,CeRu2
mp-33,Ru
mp-542569,AlRu
mp-570629,Ce4Ru3
mp-604008,CeAlRu
mp-2088,CeAl2
mp-28,Ce
mp-10910,Al2Ru
mp-1078316,Ce2AlRu2
mp-865967,Ce5Al2Ru3
mp-31364,Ce(Al5Ru)2
mp-17880,Al13Ru4
mp-567554,Ce2(Al5Ru)3
mp-31079,Ce3(Al3Ru)4
mp-570369,Ce16Ru9
mp-16529,Al6Ru
mp-567305,CeAl3
mp-1982,Al21Pt8
mp-2404,CaAl2
mp-1190736,Ca8Al3
mp-1102631,CaAlPt
mp-1078362,Ca2AlPt2
mp-842,CaPt2
mp-10904,AlPt
mp-10905,Al3Pt2
mp-16960,AlPt2
mp-1080448,AlPt3
mp-30481,CaPt5
mp-1103570,Ca5Pt2
mp-1064227,Ca
mp-1502,Al2Pt
mp-1501,Al3Pt5
mp-984698,Ca3Pt2
mp-1937,YbCu
mp-969,YbAl2
mp-162,Yb
mp-1607,YbCu5
mp-1215553,YbAlCu5
mp-567538,YbCu2
mp-1215672,YbAl7Cu5
mp-1215808,Yb(AlCu)6
mp-1078543,YbAlCu
mp-1104848,Yb(Al2Cu)4
mp-977428,YbAl2Cu
mp-1206051,NdAl2Ni
mp-1078757,NdAlNi
mp-123,Nd
mp-400,NdAl2
mp-16513,NdAl3
mp-1824,NdNi5
mp-1220177,NdAlNi4
mp-1095561,NdNi3
mp-864637,NdAl
mp-1069330,Nd2AlNi2
mp-1188200,Nd3Ni
mp-999339,NdNi
mp-12174,HfNi3
mp-1078767,HfAlNi
mp-12657,HfAl2
mp-568718,HfAl3
mp-5748,HfAlNi2
mp-1025223,Hf4Al3
mp-103,Hf
mp-1018056,HfNi
mp-1044,UIr3
mp-101,Ir
mp-1885,AlIr
mp-1079219,UAlIr
mp-1207966,U2(Al3Ir)3
mp-44,U
mp-2294,Al3Ir
mp-569744,UAl2
mp-1105762,UIr
mp-12003,Al9Ir2
mp-11029,Y(Al2Cu)4
mp-1216017,YAl7Cu5
mp-1216210,Y(AlCu)6
mp-2797,YCu5
mp-1079361,YAlCu
mp-2698,YCu2
mp-1080443,YCu
mp-865990,Y3Al7Cu2
mp-1206143,PrAl2Ni
mp-1079699,PrAlNi
mp-11352,PrAl5Ni2
mp-2370,PrNi5
mp-1219687,PrAlNi4
mp-10897,PrAl2Ni3
mp-11799,PrNi
mp-1106122,Pr3Ni
mp-1102445,PrNi3
mp-1095484,PrAl4Ni
mp-1079890,Al2CuIr
mp-1791,Al5Rh2
mp-669,ThAl2
mp-364,AlRh
mp-2509,ThRh3
mp-1080785,ThAlRh
mp-12755,ThRh
mp-1306,ThAl3
mp-568337,ThRh2
mp-1107,Th7Rh3
mp-37,Th
mp-1651,Th2Al
mp-1645,Al9Rh2
mp-1223820,Hf2Al3Cu
mp-10887,HfAlCu2
mp-1224756,Hf14Cu51
mp-30581,Hf2Cu
mp-1200988,Hf7Cu10
mp-7353,Hf3Cu8
mp-865411,GdAl3
mp-568693,Gd(Al3Ni)3
mp-21305,GdNi5
mp-1224779,GdAlNi4
mp-1212604,GdAl3Ni2
mp-1101090,GdAlNi
mp-542632,GdNi
mp-155,Gd
mp-1078585,GdAl
mp-19923,GdAl2
mp-1095605,GdAl4Ni
mp-669713,Gd2Ni7
mp-543019,GdNi2
mp-580327,Gd3(AlNi3)2
mp-630019,GdAl2Ni
mp-1184417,Gd3Al
mp-865382,V3Ru
mp-214,ZrRu
mp-1395,VRu
mp-1102307,Zr2V3Ru
mp-146,V
mp-131,Zr
mp-971788,VRu3
mp-1913,ErPt3
mp-1102457,ErAlPt
mp-1025444,ErPt
mp-1104136,Er3Pt4
mp-1195885,Er5Pt4
mp-30610,Er2Pt
mp-31475,Er4(Al8Pt3)3
mp-1208,ErAl2
mp-862656,ErAl3
mp-1102875,Er2Al
mp-99,Er
mp-1188739,ErAl
mp-1234,LuAl2
mp-1102691,LuAlPt
mp-2805,LuAl3
mp-790,LuPt3
mp-1104877,Lu3Pt4
mp-1025438,LuPt
mp-1102319,Lu2Pt
mp-16508,Lu3Al2
mp-145,Lu
mp-16507,LuAl
mp-1202267,Lu5Pt4
mp-1103109,LaAlPt
mp-2694,LaAl2
mp-1832,LaPt5
mp-12684,LaAl
mp-1189501,La7Pt3
mp-26,La
mp-16505,La3Al11
mp-959,LaAl3
mp-1002104,LaPt
mp-912,LaPt2
mp-1222903,LaAl2Pt3
mp-1104856,La3Pt4
mp-11351,CeAlNi
mp-20338,CeAl3Ni2
mp-1226626,CeAlNi4
mp-580354,CeNi3
mp-21188,CeNi
mp-582245,Ce4Al23Ni6
mp-1910,CeNi5
mp-1654,CeNi2
mp-30750,CeAl4Ni
mp-1204381,Ce2Ni7
mp-4817,CeAl5Ni2
mp-11512,LiAl2Ir
mp-135,Li
mp-279,LiIr
mp-30738,LiIr3
mp-568404,Li9Al4
mp-1210753,Li2Al
mp-16506,Li3Al2
mp-1067,LiAl
mp-11537,NbAlRu2
mp-977434,Nb3Ru
mp-75,Nb
mp-1842,NbAl3
mp-11517,NbRu3
mp-18427,Nb2Al
mp-432,NbRu
mp-1191827,Tb3(AlNi3)2
mp-11538,TbAlNi
mp-1103391,Tb2Al
mp-623751,Tb3Ni
mp-11698,Tb
mp-867232,TbAl3
mp-30808,TbNi5
mp-1189379,Tb2Ni7
mp-1217581,TbAlNi4
mp-1069297,Tb2AlNi2
mp-999130,TbNi
mp-1208327,TbAl3Ni2
mp-16516,TbAl2Ni
mp-756,TbAl2
mp-11225,TbAl
mp-276,TbNi2
mp-4353,TbAl4Ni
mp-1183191,AlCuRh2
mp-1214887,Al7Cu2Rh
mp-1742,GdRh
mp-1214063,Ca5Rh
mp-1191219,GdRh3
mp-571262,CaRh2
mp-20084,GdRh2
mp-1183601,CaGdRh2
mp-1183732,CeTh3
mp-2825,ErPd3
mp-1077518,ErCu4Pd
mp-1024991,ErCu2
mp-851,ErPd
mp-1184119,CuPd3
mp-1018029,CuPd
mp-1104774,Er3Pd4
mp-580357,Cu3Pd
mp-30579,ErCu5
mp-1184092,Er2CuPd
mp-1955,ErCu
mp-12545,Er3Pd2
mp-1184151,Cs
mp-646926,GdRu2
mp-1184370,Gd2NiRu
mp-974358,Ir3Ru
mp-510400,GdIr3
mp-862620,IrRu3
mp-1184393,Gd2IrRu
mp-1184583,Ho2AlRu
mp-1212260,Ho3(Al3Ru)4
mp-144,Ho
mp-1188420,HoAl
mp-391,HoAl2
mp-16502,Ho2Al
mp-1212388,Ho(Al5Ru)2
mp-898,HoAl3
mp-195,HoPt3
mp-1184663,Ho2RuPt
mp-1079180,HoPt
mp-1103863,Ho3Pt4
mp-1102104,Ho2Pt
mp-1198999,Ho5Pt4
mp-12086,Cu3Pt
mp-644311,CuPt
mp-580364,HoCu5
mp-30584,HoCu2
mp-12608,CuPt7
mp-1971,HoCu
mp-1184717,Ho2CuPt
mp-1184724,Ho2CoRu
mp-1023,Ho2Co17
mp-54,Co
mp-1223854,HoCoRu
mp-2396,HoCo2
mp-622565,Ho3Co
mp-30558,HoCo3
mp-30969,Ho12Co7
mp-1207785,Y3Ir
mp-1198712,Y5Ir3
mp-2762,YIr2
mp-1184732,GdYIr2
mp-30746,YIr
mp-31198,Er3Ru2
mp-569220,ErRu2
mp-1184790,GdErRu2
mp-1184891,HoLuCu2
mp-1025122,LuCu2
mp-1184930,HoLu3
mp-580136,LuCu5
mp-1185004,LaPmIr2
mp-867200,Pm
mp-1463,LaIr2
mp-1104303,La3Ir2
mp-1199235,La5Ir3
mp-1104396,La5Ir2
mp-1188506,La3Ir
mp-1104662,Yb5Pt2
mp-410,YbPt2
mp-1102776,Yb2Pt
mp-1190212,Yb5Pt3
mp-1197435,Yb5Pt4
mp-1185013,LaYbPt2
mp-1158,LuPd3
mp-1185442,Lu2CuPd
mp-2205,LuPd
mp-1103963,Lu3Pd4
mp-2206,LuCo2
mp-1204082,Lu2Co17
mp-1185457,Lu2CoCu
mp-1222465,Lu4Co3
mp-1103511,Lu(Al2Cu)4
mp-1222454,Lu(AlCu)6
mp-1185509,LuAlCu2
mp-1222329,LuAlCu
mp-1185609,LiGd2Rh
mp-600561,LiRh
mp-1001787,LiRh3
mp-1186205,Nb2MoOs
mp-129,Mo
mp-49,Os
mp-1220934,Nb3Os2
mp-1220327,NbMo
mp-1932,Nb3Os
mp-1220322,NbRe
mp-1186207,Nb2ReRu
mp-974455,Re3Ru
mp-862630,ReRu3
mp-1186901,Re
mp-1220634,Nb2Tc
mp-1220323,NbTc
mp-867212,TcOs3
mp-1186210,Nb2TcOs
mp-113,Tc
mp-862779,Tc3Os
mp-862848,Pa3Al
mp-862844,PaAl3
mp-2658,AlFe
mp-1186389,PaAlFe2
mp-10740,Pa
mp-570001,Al6Fe
mp-1183162,AlFe3
mp-13,Fe
mp-973908,PaFe3
mp-1214901,Al12Fe7
mp-862954,PmPd3
mp-1186481,Pm2NiPd
mp-863718,PmNi3
mp-1186482,Pm2NiPt
mp-1186117,NiPt3
mp-945,NiPt
mp-1100766,Ni3Pt
mp-1104610,Eu5Pd2
mp-1057315,Eu
mp-1105286,Eu3Pd2
mp-1854,EuPd2
mp-1018147,EuPd
mp-1186575,PmEuPd2
mp-1186583,PmEuPt2
mp-22797,EuPt2
mp-1104413,Eu5Pt2
mp-1104698,Eu3Pt2
mp-1196458,Eu5Pt4
mp-1187208,Ta2ReW
mp-91,W
mp-1217894,TaRe
mp-979289,TaW3
mp-1187203,Ta3Re
mp-50,Ta
mp-1187206,Ta3W
mp-1187370,TbPmIr2
mp-2725,TbIr2
mp-1201266,Tb5Ir3
mp-1106276,Tb3Ir
mp-1216621,TiW
mp-1823,Ti3Al
mp-72,Ti
mp-1187418,Ti2AlW
mp-1953,TiAl
mp-567705,TiAl2
mp-542915,TiAl3
mp-11227,Al12W
mp-30337,Al5W
mp-30336,Al4W
mp-291,TiOs
mp-1017983,TiMo3
mp-1187420,Ti2MoOs
mp-7343,Y3Pt
mp-1102657,Y2Pt
mp-2403,YPt3
mp-2674,YPt2
mp-1025448,YPt
mp-1187509,YbYPt2
mp-1095545,ZrTc2
mp-485,ZrNi3
mp-556,ZrNi
mp-867357,Tc3Ni
mp-2717,Zr2Ni7
mp-1188020,Zr2TcNi
mp-328,Zr2Ni
mp-2116,ZrMn2
mp-669917,ZrRh
mp-35,Mn
mp-229,ZrRh3
mp-417,MnRh
mp-1188022,ZrMnRh2
mp-2626,Zr3Rh5
mp-571664,Zr2Rh
mp-1188413,Zr3Rh
mp-1080703,PrAlPd
mp-1571,PrPd3
mp-1189783,PrAlPd2
mp-1104184,Pr3Pd4
mp-999291,PrPd
mp-395,ZrAl3
mp-1193200,Zr6Al7Cu16
mp-193,Zr2Cu
mp-1471,Zr3Al
mp-1188077,Zr7Cu10
mp-2772,ZrAl2
mp-12752,Zr4Al3
mp-1216441,Zr14Cu51
mp-1215318,ZrAlCu
mp-1482,Zr2Al3
mp-11453,HfPd3
mp-865166,HfPd5
mp-1193241,Hf6Al16Pd7
mp-1223870,Hf2Al3Pd
mp-16501,HfAlPd2
mp-11454,Hf2Pd
mp-1007692,HfPd
mp-1193889,HoBe13
mp-87,Be
mp-2554,Al3V
mp-1387,AlV3
mp-1194657,Th(Al10V)2
mp-30622,Dy5Ru2
mp-864995,DyAl3
mp-803,DyAl2
mp-1195540,Dy3(Al3Ru)4
mp-1105841,Dy3Ru
mp-1102728,Dy2Al
mp-1184067,Dy
mp-433,DyAl
mp-1195613,Sr2Al5Pd4
mp-22318,SrAl2
mp-999143,SrPd
mp-1558,SrPd2
mp-11224,Sr8Al7
mp-2775,SrAl4
mp-1260,SrPd5
mp-1109,Sr5Al9
mp-90,Cr
mp-1699,AlCr2
mp-867780,Al3Cr
mp-1196837,Ca(Al10Cr)2
mp-31019,Al45Cr7
mp-30174,Ca4Al51Cr7
mp-18142,Ca(Al5Cr)2
mp-259,AlMo3
mp-2733,Al8Mo3
mp-1198488,Er6Al43Mo4
mp-550,Al12Mo
mp-571053,Al5Mo
mp-571247,Al3Mo
mp-11318,CePt3
mp-1104294,Ce3Pt4
mp-19827,CeAlPt
mp-672344,CeAl5Pt3
mp-542777,CePt5
mp-21245,CePt
mp-1199697,Ce3(Al3Pt2)2
mp-570981,Ce2Al16Pt9
mp-1200740,Yb(TiAl10)2
mp-1199732,Yb6Ti4Al43
mp-1203416,Sm(Al10Cr)2
mp-1203633,Sm6Al43Cr4
mp-1204729,Yb6Al43W4
mp-568186,YRu2
mp-1207698,Y(Al5Ru)2
mp-1207781,Y3Ru
mp-1207755,Yb6Nb4Al43
mp-771,MnAl
mp-2856,Mn4Al11
mp-1207829,Yb6Mn4Al43
mp-173,MnAl6
mp-1208184,Tm6Nb4Al43
mp-1208191,Tm6Ti4Al43
mp-1208552,Tb2(Al3Ir)3
mp-1208556,Tb6Al43V4
mp-7188,Al2Os
mp-567339,PrOs2
mp-1209309,Pr(Al5Os)2
mp-567929,Al13Os4
mp-1209374,Pr3(Al3Os)4
mp-1189967,Pr3Os
mp-1210082,Nd6Al5Fe9
mp-1209904,Nd(Al5Fe)2
mp-977054,La(Al2Fe)4
mp-1211263,La(Al5Fe)2
mp-1211603,La6Al5Fe9
mp-1211304,Lu6Ti4Al43
mp-1211311,La2(Al3Ir)3
mp-1702,LaRh2
mp-1002107,LaRh
mp-974030,LaRh3
mp-1211312,La2(Al3Rh)3
mp-1211543,LaAlRh
mp-626,La4Rh3
mp-1104495,La3Rh2
mp-1212162,Ho(Al5Fe)2
mp-1224088,Ho(AlFe)6
mp-31179,Ho(Al2Fe)4
mp-30634,HoFe3
mp-1926,HoFe2
mp-1212705,GdAlRh
mp-1212845,Er(Al5Fe)2
mp-1225092,Er(AlFe)6
mp-3633,Er(Al2Fe)4
mp-474,ErFe2
mp-569783,ErFe3
mp-1225649,ErAlFe
mp-1762,ErRh2
mp-2381,ErRh
mp-1212861,Er2(Al3Rh)3
mp-1198715,Er3Rh2
mp-30612,Er7Rh3
mp-11437,Er3Rh
mp-1388,DyRh2
mp-232,DyRh
mp-1213083,Dy2(Al3Rh)3
mp-1105786,Dy7Rh3
mp-1205201,Dy3Rh2
mp-1213257,Dy6Nb4Al43
mp-1213435,Er6Nb4Al43
mp-30619,Zr3Co
mp-929,ZrCo2
mp-1215478,Zr2VCo3
mp-542614,VCo3
mp-1585,V3Co
mp-30569,Zr6Co23
mp-2283,ZrCo
mp-628,Zr2Co
mp-1215479,Zr2V3Fe
mp-1079399,V3Fe
mp-866134,VFe3
mp-1718,ZrFe2
mp-1215874,Zr3(V2Fe)2
mp-31205,Zr3Fe
mp-601820,Fe3Co
mp-601848,Fe11Co5
mp-2090,FeCo
mp-601842,Fe9Co7
mp-1215554,Zr2FeCo3
mp-1215704,Zr3Mn8Al
mp-570718,Y2Co17
mp-1294,YCo2
mp-1215958,YFeCo
mp-865373,YCo
mp-2588,YCo3
mp-1192321,YFe3
mp-1105598,Y3Co
mp-1570,YFe2
mp-11385,YFe5
mp-573425,Y8Co5
mp-1208007,Tm(Al5Fe)2
mp-1216757,Tm(AlFe)6
mp-1216685,TmAl7Fe5
mp-571183,TmFe2
mp-1216664,TmAlFe
mp-21050,UFe2
mp-4606,U(Al2Fe)4
mp-20548,U(Al5Fe)2
mp-1216881,U(Al3Fe)3
mp-7187,TiAlNi2
mp-1409,TiNi3
mp-1067248,TiNi
mp-1217044,TiAlNi6
mp-865235,Ti6Al16Ni7
mp-1808,Ti2Ni
mp-742,Ti2Cu
mp-2078,TiCu
mp-1216850,TiCuNi
mp-1188441,TiCu4
mp-1217065,Ti8Cu3Ni
mp-2643,Ti3Cu4
mp-518,Ti5Re24
mp-862589,Re3Pt
mp-30851,Ti3Pt5
mp-569708,TiPt3
mp-1018125,Ti2Re
mp-2339,Ti3Pt
mp-2179,TiRe
mp-1217070,Ti2RePt
mp-998949,TiPt
mp-30852,TiPt8
mp-1217093,Ti2NbAl
mp-1208228,Ti3NbAl2
mp-1152,TiRh3
mp-17413,Ti3Rh5
mp-1217136,Ti8Al15Rh7
mp-1018124,Ti2Rh
mp-866153,TiAlRh2
mp-2583,TiRh
mp-568030,Th(Al5Fe)2
mp-4703,Th(Al2Fe)4
mp-18014,Th7Fe3
mp-1217300,ThAl2Fe3
mp-2689,ThFe5
mp-30639,Th2Fe7
mp-1837,TbCu
mp-1527,TbCu2
mp-11363,TbCu5
mp-1217589,TbCuNi4
mp-1217570,TbCu2Ni3
mp-1549,TbPt3
mp-1079305,TbPt
mp-1104864,Tb3Pt4
mp-1217701,Tb2CuPt
mp-11551,Tb2Pt
mp-1697,TbPt2
mp-1208453,Tb3Pt
mp-1217627,Tb4CuPt3
mp-1104741,Tb(Al2Cu)4
mp-1217839,Tb(AlCu)6
mp-1079357,TbAlCu
mp-1208292,TbAl3Cu2
mp-1193564,Tb(Al5Fe)2
mp-1217840,Tb(AlFe)6
mp-3546,Tb(Al2Fe)4
mp-2584,TbFe3
mp-589,TbFe2
mp-16498,Sm(Al2Cu)4
mp-227,SmCu5
mp-1219105,SmAl3Cu
mp-979972,SmAlCu
mp-1077154,SmCu2
mp-980769,SmCu
mp-1219228,Sm(Al3Fe)3
mp-1219263,Sm6Al3Fe11
mp-1186437,Pd3W
mp-1219940,Pd4W
mp-1210893,Lu(Al5Fe)2
mp-11037,Lu(Al2Fe)4
mp-1222387,LuAlFe
mp-2463,LuFe2
mp-1222470,LuAl7Fe5
mp-1222785,LaNdAl4
mp-1104417,La5Ru2
mp-1202486,La7Ru3
mp-1222913,LaCeRu4
mp-1211232,LaAl3Ni2
mp-1222929,LaAlNi4
mp-2317,LaNi5
mp-1189497,La3Ni
mp-569071,La5Al3Ni2
mp-573855,La7Ni3
mp-1064719,LaNi
mp-582055,La7Ni16
mp-1080524,LaAl5Ni2
mp-2764,LaNi3
mp-1679,La2Ni7
mp-568040,La2AlNi9
mp-582799,EuAl4
mp-20111,EuAl2
mp-1223023,LaEuAl4
mp-1223428,LaCeNi10
mp-983459,HfZr
mp-1400,HfW2
mp-1224067,HfZrW4
mp-675,ZrW2
mp-2363,HfMo2
mp-1224402,HfAlMo
mp-973553,Gd(Al2Cu)4
mp-1225036,Gd(AlCu)6
mp-1080612,GdAlCu
mp-1076933,GdAl3Cu
mp-636253,GdCu5
mp-1077933,GdCu2
mp-614455,GdCu
mp-853,ErNi5
mp-1939,ErNi2
mp-567314,ErNi
mp-1200559,Er2Ni7
mp-1051,ErNi3
mp-1225072,Er2CuNi
mp-3053,DyAlNi
mp-1179,DyNi5
mp-1197874,Dy2Ni7
mp-1225297,DyAlNi4
mp-16807,Dy3(AlNi3)2
mp-421,DyNi2
mp-2738,DyNi
mp-1070646,Dy2AlNi2
mp-7281,Dy3Ni2
mp-1212853,DyAl3Ni2
mp-569385,DyAl2Ni
mp-31180,DyAl4Ni
mp-797,DyPd3
mp-12543,Dy3Pd2
mp-1225399,Dy3NiPd2
mp-2226,DyPd
mp-1104399,Dy3Pd4
mp-571253,Er(Al3Ni)3
mp-31183,ErAl4Ni
mp-31182,ErAl2Ni
mp-1225548,ErAlNi4
mp-17141,Er3(AlNi3)2
mp-13490,ErAl3Ni2
mp-1068244,Er2AlNi2
mp-1078826,ErAlNi
mp-1112,CeCo2
mp-1226612,CeYCo17
mp-2216,Ce2Co17
mp-1227048,CaLaAl4
mp-1227272,Be4AlFe
mp-2225,Be2Fe
mp-1228914,Al4CrNi15
mp-784631,CrNi2
mp-284,AlCo
mp-196,Al5Co2
mp-1194423,Zr6Al16Co7
mp-3909,ZrAlCo2
mp-16488,Al9Co2
mp-12760,Zr6Al2Co
mp-2121,ScAl3
mp-12781,ScAl2Ni
mp-813,ScAl2
mp-850,ScNi2
mp-1197416,Sc2Ni7
mp-10898,ScAlNi2
mp-331,ScAl
mp-11220,Sc2Al
mp-11521,ScNi
mp-867501,Sc2Ni
mp-862259,Sc3Al
mp-67,Sc
mp-12782,YbAl2Ni
mp-1980,YbNi2
mp-1189509,Yb3Ni
mp-18482,Yb4Al23Ni6
mp-2645,YbNi5
mp-1095559,YbNi3
mp-12789,Yb(Al5Fe)2
mp-1677,Be2Mo
mp-1475,Be12Mo
mp-2631,Ba4Al5
mp-1903,BaAl4
mp-16483,BaAl9Fe2
mp-570400,Ba7Al10
mp-567701,Ba21Al40
mp-281,YbCo2
mp-18367,Yb(Al4Co)2
mp-1199900,Yb2Co17
mp-1069443,CeAl3Cu
mp-1226644,CeAl2Cu3
mp-1079868,CeAlCu
mp-1226887,CeAlCu4
mp-2801,CeCu2
mp-20003,Ce(Al2Cu)4
mp-21708,CeCu6
mp-20089,GdFe2
mp-21427,GdPd3
mp-11427,GdPd
mp-20058,GdAlPd
mp-22505,GdAl3Pd2
mp-1025402,SrCu
mp-2726,SrCu5
mp-30817,LiAl2Pd
mp-30816,Li2AlPd
mp-867820,LiAlPd2
mp-1079855,LiPd7
mp-861936,LiPd3
mp-2744,LiPd
mp-728,Li2Pd
mp-11489,Li3Pd
mp-1197547,Li15Pd4
mp-30836,TaPd3
mp-999133,TaPd
mp-30835,TaPd2
mp-1518,CeRh3
mp-3344,CeAlRh
mp-1018117,CeRh
mp-951,CeRh2
mp-1213916,Ce2(Al3Rh)3
mp-2295,CaNi2
mp-3479,CaAl9Ni
mp-774,CaNi5
mp-4054,YAl3Ni
mp-13094,YAl2Ni
mp-4847,Y4Al23Ni6
mp-3602,YAl4Ni
mp-2152,YNi5
mp-574339,Y2Ni7
mp-4577,Y3(AlNi3)2
mp-1200338,Y15Ni32
mp-1364,YNi
mp-1216255,Y2(AlNi)5
mp-604516,Y2AlNi2
mp-642428,Y3Al19Ni5
mp-569196,YNi3
mp-5063,YAl3Ni2
mp-13095,YAlNi
mp-582134,Y3Ni2
mp-1105633,Y3Ni
mp-21158,CeAlPd
mp-4785,CeAl3Pd2
mp-1106138,CeAlPd2
mp-1018086,CePd
mp-1025415,CePd7
mp-2092,CePd3
mp-1025445,CeAl2Pd5
mp-1025404,Ce3Pd5
mp-1103851,Ce3Pd4
mp-1213792,CeAl4Pd
mp-4955,AlVCo2
mp-1188129,ZrPt3
mp-1207440,Zr7Pt10
mp-567927,ZrAlPt
mp-1065995,ZrPt
mp-1205768,ZrPt8
mp-1193272,Zr6Al16Pt7
mp-2838,UNi5
mp-567950,U11Ni16
mp-568430,BaRh2
mp-569025,Ba19Na29Li13
mp-1247744,BaNa
mp-1186055,Na
mp-569200,Eu(Al2Fe)4
mp-504740,Eu(Al4Fe)2
mp-569338,YbAlPd
mp-2547,YbPd
mp-1104397,Yb5Pd2
mp-1080600,YbAl2Pd
mp-2391,YbPd3
mp-1105057,Yb3Pd4
mp-1190258,Yb3Pd
mp-569480,URe2
mp-570436,CaIr2
mp-570356,Ca5Ir
mp-978976,Ti6Al16Pt7
mp-570713,TiAlPt
mp-3944,ZrAlNi2
mp-5723,ZrAlNi
mp-1193679,Zr6Al16Ni7
mp-30183,ZrAl5Ni2
mp-5778,AlVFe2
mp-636403,PuNi3
mp-613989,Pu
mp-21315,PuNi5
mp-569318,PuNi4
mp-2523,PuPt3
mp-680426,Pu31Pt20
mp-861951,LiTaRh2
mp-1103212,TaRh2
mp-1020,TaRh3
mp-861953,AlFeRh2
mp-1184364,Fe3Rh
mp-1918,FeRh
mp-1184368,FeRh3
mp-567590,LuOs2
mp-861963,LiLu2Os
mp-2126,HfIr3
mp-567490,Hf5Re24
mp-1007786,HfIr
mp-867792,ReIr3
mp-1219533,ReIr
mp-1186902,Re3Ir
mp-861978,Hf2ReIr
mp-1203605,Hf21Re25
mp-1212499,Hf5Ir3
mp-1689,HfRe2
mp-2665,PrRu2
mp-1197932,Pr7Ru3
mp-1209381,Pr3(Al3Ru)4
mp-861986,Pr5Al2Ru3
mp-1104937,Pr5Ru2
mp-1105741,Pr3Ru
mp-1193957,Pr(Al5Ru)2
mp-861991,PaMn2Al
mp-862288,AlFe2W
mp-1473,Fe7W6
mp-30819,LiAl2Pt
mp-30818,Li2AlPt
mp-862296,LiAlPt2
mp-861931,LiPt3
mp-11807,LiPt
mp-867227,Li3Pt
mp-30765,LiPt7
mp-2170,Li2Pt
mp-30821,LiAl2Rh
mp-862297,LiAlRh2
mp-481,ScPt3
mp-892,ScPt
mp-862368,Sc2NiPt
mp-11550,Sc2Pt
mp-1196981,Sc57Pt13
mp-635,ScRh3
mp-1186926,Ru3Rh
mp-1780,ScRh
mp-30863,Sc57Rh13
mp-1194143,Sc11Ru4
mp-862372,Sc2RuRh
mp-30867,ScRu
mp-567750,ScRu2
mp-1209947,Sc44Ru7
mp-862558,LiEr2Os
mp-862622,BeRu2W
mp-862655,Ru3W
mp-11282,Be2W
mp-30443,Be17Ru3
mp-865562,Be3Ru
mp-1103315,Be2Ru
mp-568827,Be12W
mp-862661,LiEr2Ru
mp-11452,HfOs
mp-862684,LiHf2Os
mp-862700,AlVOs2
mp-866121,V3Os
mp-862725,ScTc2W
mp-867262,ScTc3
mp-861889,Sc3Tc
mp-862764,LiCa2Rh
mp-570466,Li2Ca
mp-862765,LiGd2Ir
mp-862776,TmPaOs2
mp-862841,LiPm2Os
mp-862849,Ac2NiIr
mp-1183069,Ac
mp-862886,CaPmPt2
mp-567612,ScOs2
mp-862887,LiSc2Os
mp-12305,Sc11Os4
mp-568623,Sc44Os7
mp-11573,TiTc
mp-865733,CoTc3
mp-608,TiCo3
mp-862911,Ti2CoTc
mp-823,TiCo
mp-1191331,Ti2Co
mp-863677,PmCu3
mp-863668,Pm2CuOs
mp-863716,Pm2IrPd
mp-863717,Pm2NiRu
mp-863709,Ir3Rh
mp-862959,PmRh3
mp-1223919,IrRh
mp-863722,Pm2IrRh
mp-1184794,IrRh3
mp-928,HoIr2
mp-546,HoRh2
mp-2163,HoRh
mp-1189120,Ho3Ir
mp-1106336,Ho7Rh3
mp-1197997,Ho5Ir3
mp-1200753,Ho3Rh2
mp-864625,Ho2IrRh
mp-11476,HoIr
mp-864655,PaCo3
mp-567276,TaV2
mp-1187243,TaOs3
mp-1218177,Ta3Os2
mp-864670,Ta2VOs
mp-1187197,Ta3Os
mp-11481,MoIr
mp-11482,MoIr3
mp-864684,Hf2MoIr
mp-864770,Ta2MoOs
mp-1217895,TaMo
mp-11276,BeRh
mp-864945,MnBe2Rh
mp-11270,MnBe2
mp-864894,Be3Rh
mp-1104792,MnBe12
mp-864955,Mn2CrCo
mp-1087479,CrCo3
mp-1185970,Mn3Co
mp-864980,MnAlRu2
mp-865045,MnRu3
mp-316,MnV
mp-864983,MnVRu2
mp-864984,MnV3
mp-976128,Hf5Sc
mp-865001,HfScOs2
mp-13453,BePd3
mp-13452,BePd2
mp-865003,Be2IrPd
mp-11274,BePd
mp-862714,Be3Ir
mp-650,Be5Pd
mp-2802,HfRu
mp-865030,HfScRu2
mp-974376,PtRh3
mp-1180,MnPt3
mp-865032,Mn2PtRh
mp-1670,MnPt
mp-974395,Pt3Rh
mp-865038,HfTaTc2
mp-11572,TaTc
mp-11460,HfTc
mp-1095669,HfTc2
mp-639789,Fe2Re3
mp-865212,Fe3Re
mp-2235,YbRh2
mp-865217,YbThRh2
mp-567089,YbRh
mp-865262,TmTaRu2
mp-977390,Ta3Ru
mp-867816,TaRu3
mp-1601,TaRu
mp-1218044,Ta3Ru2
mp-1193087,Zr11Os4
mp-11541,ZrOs
mp-865275,TmZrOs2
mp-570684,ZrOs2
mp-865283,Tm2AlOs
mp-1207816,Tm3(Al3Os)4
mp-568630,LuRu2
mp-865320,Lu2PdRu
mp-11495,LuRu
mp-865368,Tm2NiOs
mp-1102133,Tm2Pt
mp-2351,TmPt3
mp-1199106,Tm5Pt4
mp-1025409,TmPt
mp-1105001,Tm3Pt4
mp-865415,YbTmPt2
mp-865451,Tm2MnOs
mp-1186060,MnOs3
mp-1192498,Tm6Mn23
mp-980811,TmMn12
mp-592,TiRu
mp-1949,TiMn2
mp-1202079,Ti21Mn25
mp-865469,Ti2MnRu
mp-861630,Tc3Ru
mp-2540,VTc
mp-1217363,TcRu
mp-867356,TcRu3
mp-865501,V2TcRu
mp-865588,Y2CuRu
mp-865599,Lu2RuPt
mp-1728,LuRh2
mp-377,LuRh
mp-865802,LuRh3
mp-865778,Lu5Rh3
mp-865601,Lu2RuRh
mp-865655,TiNbTc2
mp-865664,TiRe2W
mp-1190626,Hf2Rh
mp-1027,HfRh3
mp-17045,Hf3Rh5
mp-865759,YbHfRh2
mp-11457,HfRh
mp-865810,TiTc2W
mp-865866,LiZrPt2
mp-865868,LiZrRh2
mp-865869,Be2CuPt
mp-1072399,Be5Pt
mp-2031,Be2Cu
mp-1227357,Be3Cu
mp-865914,TiVTc2
mp-865949,TmNpRu2
mp-30743,TmIr2
mp-30865,TmRh2
mp-11564,TmRh
mp-1198195,Tm5Ir3
mp-866085,Tm2IrRh
mp-11483,TmIr
mp-866100,Er2CuOs
mp-866112,HoNbRu2
mp-866119,Tm2RuPt
mp-866125,LuTaRu2
mp-866155,TiAlRu2
mp-984315,Be3Ni
mp-1033,BeNi
mp-866224,Be2NiPt
mp-867162,LiTm2Rh
mp-1101953,HoOs2
mp-1190011,Ho3Os
mp-867269,LiHo2Os
mp-867274,Be2CoIr
mp-1071690,Be5Co
mp-1183425,Be3Co
mp-2773,BeCo
mp-867327,Hf2TcRu
mp-867771,TaCuRh2
mp-867774,Ta2CrOs
mp-2385,TaCr2
mp-867775,Al2NiRu
mp-862318,LiAl2Ni
mp-867812,LiAlNi2
mp-867858,ScUTc2
mp-11281,Be2V
mp-867874,BeVRu2
mp-571438,Be12V
mp-862762,Pr3Co
mp-1104821,Pr5Co2
mp-1105621,Pr2Co17
mp-975726,PrAl4Co
mp-567156,Pr(Al4Co)2
mp-582996,Pr2Al19Co6
mp-977363,Ta2TcMo
mp-1458,Nb3Ir
mp-977563,LiNbIr2
mp-1186231,NbIr3
mp-1359,NbIr
mp-568077,TaFe2
mp-979267,Ta2FeMo
mp-1218218,TaFe
mp-30845,SmPt3
mp-1127,SmPt2
mp-1025431,SmPt
mp-979965,YbSmPt2
mp-1104800,Sm3Pt4
mp-980005,AcYbRh2
mp-980384,YbDyPd2
mp-1979,HoPd3
mp-1025134,HoCu4Pd
mp-1104206,Ho3Pd4
mp-1087502,HoPd
mp-12544,Ho3Pd2
mp-1104923,Eu(Al2Cu)4
mp-1025136,EuAl3Cu2
mp-1087547,EuCu
mp-2066,EuCu5
mp-1071732,EuCu2
mp-973629,LuAlPd
mp-1025564,LuAl2Pd5
mp-1077750,YbCu4Pd
mp-1080107,UCo
mp-1383,UCo2
mp-10894,MnAlRh2
mp-10895,Mn2AlV
mp-1095478,YAlPt
mp-982,TmPd3
mp-1104675,Tm3Pd4
mp-1095667,TmAlPd
mp-1207996,Tm2(Al3Pd)3
mp-348,TmPd
mp-1102820,ErAlPd
mp-1212854,Er2(Al3Pd)3
mp-1102944,TbAlPt
mp-1103450,SmAlPt
mp-11275,Be2Re
mp-569364,Be22Re
mp-11277,ScBe5
mp-972891,ScBe13
mp-1209010,Sc2Be17
mp-357,SmPd3
mp-662804,Sm10Pd21
mp-1104311,Sm3Pd4
mp-11539,SmAl3Pd2
mp-1102212,SmAlPd
mp-31380,SmPd
mp-1202922,Tb3Rh2
mp-11561,TbRh
mp-1106174,Tb7Rh3
mp-1105609,Tb3Rh
mp-1310,TbRh2
mp-1183546,CaTbRh2
mp-1183783,DyErRu2
mp-1183856,DyEr3
mp-1183816,DyNpRu2
mp-1071835,DyCu2
mp-1183862,DyErCu2
mp-2334,DyCu
mp-30578,DyCu5
mp-1184223,ErScRu2
mp-1184323,ErPaOs2
mp-1184387,Gd2RuRh
mp-1358,DyIr2
mp-1184518,GdDyIr2
mp-1200226,Dy5Ir3
mp-1105615,Dy3Ir
mp-862586,Re3Pd
mp-1184592,Hf2RePd
mp-573601,Th7Ru3
mp-12775,ThRu
mp-1184613,GdThRu2
mp-1184831,HoTmRu2
mp-1184899,HoTm3
mp-1185462,LiThRh2
mp-1185986,MnBeIr2
mp-864943,MnBe2Ir
mp-864735,Mn3Ir
mp-2728,MnIr
mp-865022,MnIr3
mp-1186074,Na3Pd
mp-1186206,Nb2MoRu
mp-975834,MoRu3
mp-1104605,Nd5Ir2
mp-30522,Nd5Ir3
mp-890,NdIr2
mp-1189686,Nd3Ir
mp-1186378,NdGdIr2
mp-1183837,Co3Ni
mp-1186456,Pm2CoNi
mp-1186462,Pm2CuPd
mp-1186586,PmHoRu2
mp-1186772,Ta2CrRe
mp-1187211,Ta2RuW
mp-1187242,TaNbRe2
mp-1186767,Ta2NbRe
mp-1101970,TbRu2
mp-1189033,Tb3Ru
mp-1187274,Tb2RuRh
mp-1187470,TiCrTc2
mp-1425,TiCr2
mp-1187524,TbGdIr2
mp-1187538,YbPmCu2
mp-1187571,YbHoPt2
mp-1187586,Tm2AlRu
mp-1187789,Y3Er
mp-1187847,YEr3
mp-2333,NdPd3
mp-12734,NdAl3Pd2
mp-976368,NdAlPd
mp-1188755,NdAlPd2
mp-1104199,Nd3Pd4
mp-999336,NdPd
mp-1188998,NpPd3
mp-1190803,GdEr4Al15
mp-1192563,Lu(Al5Os)2
mp-865463,Lu2AlOs
mp-2337,HfCo2
mp-2157,Co3W
mp-1064981,HfCo
mp-1190841,Hf2Co
mp-1205422,Hf2Co7
mp-1192784,Hf9CoW4
mp-1192935,PuCu6
mp-1193092,ErBe13
mp-1089,TiIr3
mp-1235,TiIr
mp-1193121,Ti6Al16Ir7
mp-544,Ti3Ir
mp-2049,ZrMo2
mp-1193397,Zr9NiMo4
mp-11507,Ni4Mo
mp-11506,Ni3Mo
mp-1193529,PrBe13
mp-1193534,YBe13
mp-1193693,Er6Al7Cu16
mp-1104269,Er(Al2Cu)4
mp-1078592,ErAlCu
mp-5221,HfAlCo2
mp-1193847,Hf6Al16Co7
mp-1194154,Sc6Al16Rh7
mp-867922,ScAlRh2
mp-984726,Dy(Al2Cu)4
mp-1194170,Dy6Al7Cu16
mp-1078857,DyAlCu
mp-1194206,Sc6Al16Os7
mp-862486,Sc2AlOs
mp-1195753,Yb(Al10Cr)2
mp-1207833,Yb6Al43Cr4
mp-1197029,Sm6Al43W4
mp-1197176,Sm6Al43Mo4
mp-1197724,Ce(Al10V)2
mp-1199103,U(Al10Cr)2
mp-1199361,Ho6Al43Cr4
mp-1200512,Er6Al43W4
mp-1201665,Er6Al43Cr4
mp-1226597,Er6Al41Cr6
mp-1204202,Ho6Al43W4
mp-1206430,DyCu4Pd
mp-1207415,Zr6Be15Co8
mp-2544,Zr2Be17
mp-11283,ZrBe5
mp-30445,ZrBe13
mp-1207988,Tm2(Al3Ir)3
mp-1193531,Ta2Al
mp-869,TaAl3
mp-1208546,Ta24Al19
mp-1208183,Tm6Ta4Al43
mp-1208218,U6Nb4Al43
mp-1208501,Tb6Ti4Al43
mp-1208540,Tb2(Al3Rh)3
mp-1199558,Sm5Ir3
mp-1208899,Sm2(Al3Ir)3
mp-1104500,Sm5Ir2
mp-7342,Sm3Ir
mp-1102438,SmRu2
mp-1104159,Sm5Ru2
mp-1208914,Sm3(Al3Ru)4
mp-1188125,Sm3Ru
mp-1208900,Sm(Al5Ru)2
mp-570007,SmOs2
mp-1190029,Sm3Os
mp-1208935,Sm3(Al3Os)4
mp-253,ScCo2
mp-1209089,Sc2(Al3Co)3
mp-862602,ScAlCo2
mp-2212,ScCo
mp-27162,Sc3Co
mp-2529,PrRh2
mp-999305,PrRh
mp-1209803,Pr2(Al3Rh)3
mp-1209554,PrAlRh
mp-1104158,Pr3Rh2
mp-1209890,Nd2(Al3Ir)3
mp-1210912,Lu2(Al3Rh)3
mp-1211269,La(Al5Ru)2
mp-1212256,Ho3(Al3Os)4
mp-1212353,Ho6Al43Mo4
mp-1102737,HoAlPd
mp-1212359,Ho2(Al3Pd)3
mp-2025,HfBe5
mp-1878,HfBe13
mp-1212443,Hf6Be15Pd8
mp-1212567,Hf2Be17
mp-1213416,Er6Ti4Al43
mp-1216666,TiNbCr4
mp-548,NbCr2
mp-1217247,Ti4CoNi
mp-1567,ThNi5
mp-30182,ThAl3Ni2
mp-1078581,ThAlNi
mp-867004,Th2Ni7
mp-623836,ThNi
mp-30809,Th7Ni3
mp-1217273,ThAl2Ni3
mp-1217572,TbDy3Al8
mp-1217691,Tb3DyAl8
mp-1188994,Tb3Co
mp-30967,Tb12Co7
mp-1199370,Tb2Co17
mp-1095562,TbCo3
mp-1217710,Tb2FeCo3
mp-2265,TbCo2
mp-11358,TaCo3
mp-1218022,TaCrCo
mp-1218179,TaCo
mp-574,Ta2Co
mp-867120,TaMn2Al
mp-1218087,Ta3Mn8Al
mp-12678,TaMn2
mp-980752,Sm3Co
mp-7317,Sm5Co2
mp-1200096,Sm2Co17
mp-1219231,Sm2Fe4Co13
mp-540547,Sm2Co7
mp-336,SmCo2
mp-1219716,PrNd
mp-1219707,PrNdAl4
mp-976187,Pr(Al2Fe)4
mp-1219887,Pr(AlFe)6
mp-1209798,Pr(Al5Fe)2
mp-1219996,PrCu4Pd
mp-11852,NdCu2
mp-13392,NdCu
mp-1140,NdCu5
mp-1220196,Nd4Cu3Ni
mp-1220204,NdCuNi4
mp-1220799,NbNi
mp-1451,NbNi3
mp-1220476,NbAl2Ni9
mp-977426,NbCo3
mp-7250,Nb6Co7
mp-1220522,NbVCo
mp-7226,V3Ni
mp-171,VNi3
mp-1220599,NbVNi
mp-11531,VNi2
mp-1077790,NbFe2
mp-1221162,Nb19Fe20
mp-1220766,Nb2FeCo3
mp-1221618,MnBe4Al
mp-1018742,LaNi2Rh3
mp-1222858,LaNi4Rh
mp-1222871,LaNi4Pt
mp-2051,LaCu2
mp-1078920,LaCu
mp-1222942,LaCu3Ni2
mp-1194443,LaCu13
mp-30590,LaCu6
mp-2613,LaCu5
mp-1222960,LaCuNi4
mp-1222916,LaCu2Ni3
mp-1223292,La2(CuNi)5
mp-1223978,HoFeCo
mp-333,HfFe2
mp-1224642,HfAlFe
mp-1224395,Hf(AlFe)6
mp-2754,Hf2Fe
mp-1418,FeNi3
mp-1224947,FeNiPt6
mp-2260,FePt
mp-2213,FeNi
mp-13463,FeNiPt2
mp-2465,DyPt3
mp-1219908,PdPt
mp-1186450,PdPt3
mp-1104664,Dy3Pt4
mp-1078613,DyPt
mp-1103421,Dy2Pt
mp-1225328,Dy2PdPt
mp-22311,EuNi5
mp-1225966,Eu2(CuNi)5
mp-1190862,Sc2Pd
mp-2781,ScPd
mp-1226501,CeScPd6
mp-2677,ScPd3
mp-1226785,Ce2NiRu3
mp-1227030,CaSmAl4
mp-1228719,Al37(Fe6Cu)2
mp-4689,Al7FeCu2
mp-12585,CrRh3
mp-14015,HoMn12
mp-16487,Ce(MnAl2)4
mp-16491,SrAl9Co2
mp-17871,Ca(Al4Co)2
mp-22385,Np(Al2Fe)4
mp-20660,NpAl2
mp-16520,NpAl4
mp-2271,NaPt2
mp-2515,CrPt3
mp-1553,HoNi5
mp-1223899,HoAlNi4
mp-30791,Ho3(AlNi3)2
mp-2042,HoNi3
mp-673,HoNi2
mp-11871,HoNi
mp-2909,HoAlNi
mp-16504,HoAl4Ni
mp-16503,HoAl2Ni
mp-1212127,HoAl3Ni2
mp-1069801,Ho2AlNi2
mp-30811,Ni4W
mp-310,NpCo2
mp-31185,MnAlFe2
mp-4771,TiAlCu2
mp-567527,Eu(Al10V)2
mp-995,EuIr2
mp-623108,Eu4Ir
mp-669692,NbPd3
mp-1018151,NbPd2
mp-1220678,Nb2Pd
mp-12593,ScIr3
mp-978662,Sc6Al16Ir7
mp-12304,Sc11Ir4
mp-1129,ScIr
mp-861507,ScAlIr2
mp-1200708,Sc44Ir7
mp-861639,Ti2CoIr
mp-1214889,Al11Re4
mp-861640,Ti2AlRe
mp-1228815,AlRe
mp-1648,Al12Re
mp-10909,AlRe2
mp-865960,CoRe3
mp-861641,Ti2CoRe
mp-861658,LiMnPt2
mp-10596,FeIr3
mp-305,TiFe
mp-861672,Ti2FeIr
mp-2454,TiFe2
mp-861948,LiPm2Al
mp-862929,Li2PmAl
mp-862980,PmAl3
mp-1186496,Pm3Al
mp-12648,Ti2Be17
mp-1103465,TiBe3
mp-1104067,TiBe12
mp-2749,TiBe2
mp-861958,Ti2MnBe
mp-862365,Sc2OsPd
mp-862424,Sc2TcNi
mp-1201760,Er5Ir3
mp-2713,ErIr
mp-1495,ErIr2
mp-862554,LiEr2Ir
mp-1189478,Er3Ir
mp-862555,LiY2Al
mp-862600,Be2PtRh
mp-11558,Sc5Re24
mp-1186915,ReTc
mp-11557,ScRe2
mp-862609,ScReTc2
mp-862612,ScPaTc2
mp-862617,AcAl3
mp-862695,Al2CoRu
mp-862838,PmAlCu2
mp-862854,PaPd3
mp-862885,CaPmRh2
mp-862944,Er2CuRu
mp-863714,Pm2NiRh
mp-863726,Pm2PdRh
mp-863742,Pm2RuRh
mp-864650,Ta2OsW
mp-1186374,Os3W
mp-983480,Hf6Al16Rh7
mp-864671,HfAlRh2
mp-864896,Zr2CoTc
mp-864917,Dy2NiRu
mp-864951,MnAlOs2
mp-864961,Be2PdPt
mp-1221662,MnAl2Cr3
mp-864988,Mn2AlCr
mp-1221714,MnAl24Cr
mp-865163,HfBeRh2
mp-865215,TmHfRu2
mp-865219,Dy2IrRu
mp-865220,Dy2CuRu
mp-865229,Be2NiIr
mp-865248,TmNbRu2
mp-865278,NbAlOs2
mp-1761,LuIr2
mp-1529,LuIr
mp-567963,Lu5Ir2
mp-865321,Lu2IrRu
mp-865335,Lu2NiRu
mp-1078899,LuNi
mp-2130,LuNi2
mp-11491,LuNi5
mp-865337,Lu2NiIr
mp-865422,YbTmRh2
mp-1196999,Y3Rh2
mp-191,YRh
mp-1189474,Y7Rh3
mp-1207780,Y3Rh
mp-865429,YbYRh2
mp-921,YRh2
mp-1191413,YRh3
mp-1105911,TiPd3
mp-13164,Ti2Pd
mp-865441,TiAlPd2
mp-1079796,Ti3Pd
mp-1061861,TiPd2
mp-30840,Ti2Pd3
mp-979261,TiPd
mp-865442,TiAlOs2
mp-865444,LiSc2Pt
mp-865228,LiScPt2
mp-1187695,V3Cr
mp-865490,V2CrFe
mp-1187696,VCr3
mp-1216394,VCr
mp-865499,V2TcOs
mp-865523,TiMnRh2
mp-866218,Ti2MnRh
mp-865568,ThScTc2
mp-1102354,ThTc2
mp-865569,Ti2MnIr
mp-865595,Lu2CuRu
mp-865650,Ti2TcRu
mp-865678,TiMn2V
mp-1217201,Ti4Mn5V3
mp-865712,Ti2MnNi
mp-11501,MnNi3
mp-862604,Re3Ni
mp-865728,Ti2ReNi
mp-865828,YbPaRu2
mp-1215845,Yb2Ru
mp-865841,YbPaPt2
mp-862858,PaPt3
mp-1077534,PaPt5
mp-1584,YbIr2
mp-1189800,Yb5Ir3
mp-865845,Yb2CuIr
mp-865854,Yb2CuRh
mp-865870,LiZr2Os
mp-867281,Tc3Pt
mp-865928,Ti2TcPt
mp-972326,TcPt3
mp-865989,Al2IrRu
mp-866052,Gd2PdRu
mp-866114,HfTc2W
mp-866116,HoTaRu2
mp-866136,Zr6Al16Ru7
mp-866152,TiBeCo2
mp-866281,Er2PdRu
mp-867114,TaBeRu2
mp-1102049,TaBe3
mp-1189402,Ta2Be17
mp-11278,Ta2Be
mp-567842,TaBe12
mp-1078957,Ta3Be2
mp-867123,TaTiOs2
mp-867142,Sm2IrPd
mp-867151,ScPaOs2
mp-867235,LiY2Ir
mp-867272,LiAlCu2
mp-862658,LiCu3
mp-867282,Tb2IrRh
mp-867837,BeCrRu2
mp-30438,Be2Cr
mp-1590,Be12Cr
mp-867850,ScMnRh2
mp-2039,ScMn2
mp-972205,V2MoOs
mp-972071,V3Mo
mp-1187702,VW3
mp-972236,V2MoW
mp-1216231,VW
mp-973101,LaHoRu2
mp-976039,LuBe13
mp-977393,LiLu2Ru
mp-977405,LiLu2Rh
mp-867865,ReRh3
mp-1186923,Re3Rh
mp-977407,Hf2ReRh
mp-1220023,OsRu
mp-974326,OsRu3
mp-977549,Zr2OsRu
mp-977550,ZrScOs2
mp-1188062,Zr3Sc
mp-1077791,ZrSc2
mp-865091,HfMnRh2
mp-11449,HfMn2
mp-977572,Hf2MnRh
mp-979288,Ta2NbRh
mp-1545,Nb3Rh
mp-1191559,NbRh3
mp-1963,NbRh
mp-569819,Th7Os3
mp-980647,TmThOs2
mp-1828,ThOs2
mp-865385,V3Re
mp-981377,V2ReTc
mp-10884,AlFeCo2
mp-998980,TiAlFeCo
mp-5407,TiAlCo2
mp-31187,TiAlFe2
mp-1217391,Ti13Al9Co8
mp-1228905,Al2FeCo
mp-1139,Co3Mo
mp-1005986,Zr9CoMo4
mp-1025389,LuAl2Ni
mp-1189515,LuAl3Ni2
mp-1079819,LuAlNi
mp-1070507,Lu2AlNi2
mp-16509,LuAl4Ni
mp-1078699,NbPt3
mp-11514,NbPt2
mp-2663,Nb3Pt
mp-999376,NbPt
mp-1192954,Nb2Pt
mp-1078902,ThAlPt
mp-1207128,Th3Pt5
mp-569074,Th7Pt3
mp-865400,ThPt3
mp-1070844,ThPt2
mp-12754,ThPt
mp-12108,VPt2
mp-1017531,VPt
mp-2211,V3Pt
mp-1079997,VPt8
mp-2705,VPt3
mp-1069375,NdAl3Cu
mp-974729,Nd(Al2Cu)4
mp-1080560,NdAlCu
mp-10877,Ca(Al2Cu)4
mp-10876,Ca3Al7Cu2
mp-585949,CaCu
mp-1882,CaCu5
mp-12614,Ca2Cu
mp-10896,Y(MnAl2)4
mp-542177,PuAl3
mp-1091385,PuAl2Pd5
mp-17717,Pu3Pd4
mp-21085,PuPd3
mp-582399,Pu3Pd5
mp-1102035,SmRe2
mp-1102233,TbTc2
mp-1377,ThCu2
mp-1104798,Th(Al2Cu)4
mp-12834,ThCu6
mp-1193845,Ho6Al7Cu16
mp-1104954,Ho(Al2Cu)4
mp-1078489,HoAlCu
mp-20272,GdPt3
mp-1106170,Gd3Pt
mp-11428,GdPt
mp-1422,GdPt2
mp-16493,YAl2Co
mp-11486,Y2(Al3Co)3
mp-1163,UBe13
mp-1183419,Be2IrRu
mp-1183786,DyHoRu2
mp-1183844,DyHo3
mp-1184159,ErHfRu2
mp-1184196,Er3Lu
mp-1184363,ErLuRu2
mp-1184485,GdLuIr2
mp-1184499,GdErIr2
mp-1184510,GdLuRu2
mp-1184522,GdLuCu2
mp-1184532,GdTmIr2
mp-1184589,HfTc2Mo
mp-1184593,Ho2IrPd
mp-861610,Tc3Pd
mp-1184594,Hf2TcPd
mp-1184609,Hf2CuTc
mp-1184716,GdYRu2
mp-1184742,GdZrRu2
mp-1184822,HoZrRu2
mp-1185267,LiNpRu2
mp-862316,LiBePt2
mp-1185317,LiBe2Pt
mp-1185392,LiGd2Al
mp-1186209,Nb2TcRu
mp-1186454,Pm2CuNi
mp-1186617,PmNdIr2
mp-1186644,PmSmIr2
mp-1186677,PmYRh2
mp-1186766,Ta2MoIr
mp-571499,TaIr
mp-265,TaIr3
mp-1187196,Ta3Ir
mp-1187210,Ta2TcOs
mp-1206704,MoPd2
mp-1187417,Ti2MoPd
mp-1187511,TiRe2Mo
mp-12662,Re24Mo5
mp-1187563,YbDyPt2
mp-1188046,ZrPaTc2
mp-1095482,YbOs2
mp-1192485,Yb(Al5Os)2
mp-1193176,Lu6Mn23
mp-1208361,Tb(Al5Ru)2
mp-1195573,Tb3(Al3Ru)4
mp-1200087,La(TiAl10)2
mp-1201197,Tb6Al43Mo4
mp-1207422,Zr6Be15Cu8
mp-1207707,Y2(Al3Ir)3
mp-1207858,Y6Ti4Al43
mp-1208242,Ti6Be15Cu8
mp-1208500,Tb6Ta4Al43
mp-1198347,Tb6Al43Cr4
mp-1208616,Tb6Al39Cr8
mp-840,SmRh2
mp-436,SmRh
mp-1191108,SmRh3
mp-1208905,Sm2(Al3Rh)3
mp-17391,Sm3Rh2
mp-1196525,Sm5Rh4
mp-1205407,Sm3Rh
mp-1209186,Sm6Ta4Al43
mp-569630,NdOs2
mp-1209871,Nd(Al5Os)2
mp-1188656,Nd3Os
mp-1209972,Nd3(Al3Os)4
mp-1212405,Ho6Nb4Al43
mp-1212464,Hf6Al16Ir7
mp-1102328,HoRe2
mp-1212490,Ho(Al5Re)2
mp-1212925,Er3(Al3Ru)4
mp-1212826,Er(Al5Ru)2
mp-1213242,Dy6Al43V4
mp-1213427,Er6Al43V4
mp-1213885,Ce2(Al3Ir)3
mp-1191930,CeIr3
mp-582,CeIr2
mp-680536,Ce5Ir4
mp-1102302,CeOs2
mp-1213926,Ce3(Al3Os)4
mp-1214183,Ca6Al43W4
mp-1214866,Al7Cu2Ru
mp-1215168,ZrVMo
mp-1215217,ZrNbCr4
mp-903,ZrCr2
mp-1215723,Zr(AlFe)6
mp-1215595,Zr2AlFe3
mp-1215720,Zr3AlFe8
mp-1215844,YVFe11
mp-1150,URh3
mp-1216633,URu2Rh
mp-1263,URu3
mp-865864,Tm(Al2Cu)4
mp-1216745,Tm(AlCu)6
mp-980195,Tm6Al7Cu16
mp-30600,TmCu5
mp-1077209,TmCu2
mp-865402,TmAlCu
mp-985,TmCu
mp-1216758,U2(PdRh)3
mp-30841,UPd3
mp-861627,Ti2AlMo
mp-1217017,TiAl6Mo
mp-1217473,TbHoFe4
mp-1867,Ta2Ni
mp-1157,TaNi2
mp-570491,TaNi3
mp-1218003,TaAl2Ni9
mp-1218041,TaAlNi6
mp-540,ScFe2
mp-1219434,Sc2Fe3Ru
mp-1220426,NbNi6Mo
mp-4922,MnAlNi2
mp-1221656,MnAl2Ni
mp-1221748,Mn8Nb3Al
mp-12659,Mn2Nb
mp-1222762,LaPrAl4
mp-457,CeBe13
mp-1222939,LaCeBe26
mp-1193251,LaBe13
mp-1070573,LaAl3Cu
mp-1225549,LaAl2Cu3
mp-1222898,LaAlCu4
mp-1223301,La2Al3Cu7
mp-1223765,HoCu4Ni
mp-646392,Dy3Co
mp-1757,DyFe2
mp-569638,Dy2Co17
mp-568945,DyCo3
mp-1225366,Dy2FeCo3
mp-573622,Dy12Co7
mp-568006,DyFe5
mp-2628,DyCo2
mp-1225543,ErFeRu
mp-1226474,CePd2Pt
mp-1226551,CePtRh
mp-1228910,Al2FeNi
mp-1228374,Al5FeNi
mp-1232410,Dy6Al43Mo4
mp-12615,TbBe13
mp-2747,TbPd3
mp-1104088,Tb3Pd4
mp-12722,TbAlPd
mp-1208456,Tb4(Al8Pd3)3
mp-999124,TbPd
mp-1208555,Tb2(Al3Pd)3
mp-1104652,Nd5Co2
mp-356,Nd2Co17
mp-1084826,Nd2Co3
mp-12896,NdAl4Co
mp-569832,Nd(Al4Co)2
mp-13432,Tb2AlCo2
mp-571542,CeAlCo
mp-13504,CeAl4Co
mp-16490,Lu2Al3Co
mp-1659,ThRe2
mp-1709,U2Ti
mp-17188,U(Al10V)2
mp-1845,CaBe13
mp-20656,DyMn12
mp-21407,EuAl9Co2
mp-674,LaPd3
mp-1104435,La3Pd4
mp-1079764,La(AlPd)2
mp-30815,LaAl3Pd2
mp-1105925,La7Pd3
mp-1002115,LaPd
mp-30753,LaPd5
mp-5149,NbAlCo2
mp-30849,TaPt2
mp-567638,TaPt3
mp-569472,Gd2(Al3Ir)3
mp-1079155,Hf6Al2Pt
mp-571619,HfAlPt
mp-1007691,HfPt
mp-11456,HfPt3
mp-1194470,Hf6Al16Pt7
mp-1224475,HfPt4
mp-30428,BaCu
mp-642,BaCu13
mp-767825,Cr22Ni50Mo3
mp-819,HfCr2
mp-1018166,AlTc2
mp-1104047,Al4Tc
mp-16719,Al12Tc
mp-861637,Ti2AlTc
mp-12083,CrIr3
mp-861656,Ti2CrIr
mp-861875,LiHf2Re
mp-861908,TaTiRu2
mp-861941,Ho2PdRu
mp-861956,LiPm2Ir
mp-861965,Ho2RuRh
mp-862369,Sc2IrRu
mp-862371,Sc2RuPt
mp-862376,Sc2CuTc
mp-1169,ScCu
mp-1018149,ScCu2
mp-862377,LiBe2Ir
mp-862445,TaAlOs2
mp-862615,Er2NiRu
mp-862632,LiCa2Al
mp-862694,Al2IrRh
mp-862699,ScTaOs2
mp-862712,Sc2CoIr
mp-862715,Al2PdRu
mp-862723,ScTc2Mo
mp-862831,PaTiTc2
mp-863660,Pm2CoIr
mp-863665,Pm2CuIr
mp-863666,Er2RuRh
mp-863675,LiPm2Ru
mp-865537,TiMnCo2
mp-863690,Ti2MnCo
mp-863732,Pm2PtRh
mp-863734,ErPaTc2
mp-1095604,ErTc2
mp-864639,Ta2NbOs
mp-864640,Ta2NbIr
mp-864651,Ta2NbRu
mp-864786,Yb2PdPt
mp-1193334,Hf9CoRe4
mp-864877,Hf2CoRe
mp-864895,Be2NiRh
mp-864916,Hf2TcRh
mp-867352,TcRh3
mp-861626,Tc3Rh
mp-864946,MnCuPd2
mp-1078895,Mn3Pd5
mp-31138,MnPd3
mp-864950,MnAlIr2
mp-864989,Mn2AlRe
mp-865046,LiPaPt2
mp-865094,HfNbTc2
mp-865131,Hf2OsRh
mp-865138,Hf2MnIr
mp-865149,PaAlRu2
mp-865165,HfScCo2
mp-865172,YbTaRu2
mp-865280,NbAlFe2
mp-865303,Tm2CoOs
mp-632,TmCo2
mp-1196360,Tm2Co17
mp-1217007,Tm4Co3
mp-865304,Tm2CoRu
mp-865306,Tm2CuOs
mp-865308,Be2CuRh
mp-865336,Lu2OsPd
mp-865354,Tm2IrPd
mp-865367,Tm2NiRu
mp-865375,Tm2OsRh
mp-865381,Tm2IrRu
mp-865383,Tm2OsRu
mp-865434,LuZrRu2
mp-865461,LuZrCo2
mp-865462,MnV2Os
mp-865494,V2CrRu
mp-865591,Ti2NiMo
mp-865600,Y2IrPd
mp-865653,TiNbRe2
mp-865717,Ti2ReIr
mp-865764,YbGdRh2
mp-865793,LiSc2Rh
mp-865801,LuPaTc2
mp-1095487,LuTc2
mp-999502,MoPt
mp-952,MoPt2
mp-865803,Ti2MoPt
mp-865830,Lu2CuOs
mp-862770,Tc3Ir
mp-1217409,TcIr
mp-865840,Ti2TcIr
mp-867345,TcIr3
mp-865846,LuHfRu2
mp-865876,Ti2TcOs
mp-865878,Ti2TcNi
mp-865903,YbPmPt2
mp-865905,YbPmRh2
mp-30749,Zr5Ir3
mp-568992,ZrIr
mp-30748,Zr3Ir
mp-865925,LiZrIr2
mp-1438,ZrIr3
mp-865931,Ti2TcPd
mp-865936,LiSc2Tc
mp-865959,LiHo2Ru
mp-865966,BeAlIr2
mp-865994,YbScRh2
mp-866001,AlVRu2
mp-866026,ErNbOs2
mp-866031,Al2FeIr
mp-866126,DyNbRu2
mp-866213,TiTc2Mo
mp-866288,BeVCo2
mp-867137,ScVRu2
mp-867236,Tb2IrPd
mp-867280,Be2IrPt
mp-867283,Ho2CuRu
mp-867285,LiTb2Ir
mp-867344,Er2NiOs
mp-867795,ScNbTc2
mp-867804,ScPaRu2
mp-1578,V3Rh
mp-867829,LiVRh2
mp-971751,VRh
mp-866161,VRh3
mp-867846,TaTiRe2
mp-973612,Hf9CoMo4
mp-973809,NdBe13
mp-973890,HoHfRu2
mp-974943,HfZrTc2
mp-976311,HoErRu2
mp-1184779,HoEr3
mp-1184718,Ho3Er
mp-977357,Ta2ReRu
mp-977425,Ta2CrRu
mp-977440,LiTiPt2
mp-979042,Tm2BeOs
mp-1199166,Be17Os3
mp-1193090,TmBe13
mp-979980,VPd3
mp-11549,VPd2
mp-1664,V3Pd
mp-980206,TmScRu2
mp-981512,YbLuPt2
mp-1220316,NbW
mp-982725,Nb2RuW
mp-983362,Hf2FeTc
mp-983429,PmDyRu2
mp-1025013,GdCu4Pd
mp-1025137,NpNi5
mp-1085,UOs2
mp-1102117,YbAlPt
mp-1207592,Yb4(Al8Pt3)3
mp-1183416,BeCrFe2
mp-1184094,Dy2CuPt
mp-1184103,DyThRu2
mp-1184242,ErTmRu2
mp-1184192,Er3Tm
mp-1184302,ErTm3
mp-1184246,ErThRu2
mp-1184422,Gd2CuRu
mp-1184505,GdPaTc2
mp-1184586,Hf2CoOs
mp-1184843,HoPaTc2
mp-1101968,HoTc2
mp-1184890,HoPaRu2
mp-1185238,LiTiPd2
mp-1185270,LiNpRh2
mp-11536,NpRh3
mp-1185329,LiAcRh2
mp-510184,GdOs2
mp-1185354,LiGd2Os
mp-1185508,LuScCu2
mp-1186451,Pm2CoCu
mp-1186598,PmHoIr2
mp-1186667,PmYCu2
mp-1187212,Ta2ReTc
mp-1187245,TiMo2W
mp-1187606,TmLuCu2
mp-1187686,TmLu3
mp-1187694,V2OsW
mp-1187771,Y2CuPt
mp-1187865,YTmRu2
mp-1187880,YTm3
mp-1187984,Zr2FeTc
mp-1188002,Zr2TcOs
mp-1188003,Zr2TcRu
mp-1188031,ZrScCo2
mp-1190157,Ba3(AlPt)4
mp-31498,BaPt
mp-811,BaPt5
mp-747,BaPt2
mp-1191305,UAl5Cu6
mp-1192952,LaBeCu12
mp-1193796,U(Al5Ru)2
mp-30842,ZrPd3
mp-1193840,Zr6Al16Pd7
mp-541047,ZrAlPd2
mp-266,Zr2Pd
mp-13495,ZrPd
mp-1194261,Sc6Al16Pd7
mp-16524,ScAlPd2
mp-1194288,PaBe13
mp-1195042,Sr19Li44
mp-1195666,La(Al10V)2
mp-1195763,Sm(Al10V)2
mp-1208892,Sm6Al43V4
mp-1197793,Tm6Al43Cr4
mp-1199159,Nd6Al43Mo4
mp-1199868,Y6Al43W4
mp-1200455,Dy6Al43W4
mp-1202005,Lu6Al43Mo4
mp-1202016,Tm6Al43W4
mp-1203150,Tm6Al43Mo4
mp-1204409,Yb6Al43Mo4
mp-1204502,Pr(TiAl10)2
mp-1205254,U6Al43W4
mp-1207613,Yb2(Al3Ir)3
mp-1207715,Yb(Al5Re)2
mp-1207719,Yb6Ta4Al43
mp-1207857,Y6Ta4Al43
mp-1208343,Ta6Be15Ni8
mp-1102249,TbRe2
mp-1208386,Tb(Al5Re)2
mp-1208824,Sm6Nb4Al43
mp-1208953,Sm2(Al3Co)3
mp-946,PrIr2
mp-1209795,Pr2(Al3Ir)3
mp-1205021,Pr5Ir3
mp-1104160,Pr5Ir2
mp-1106395,Pr3Ir
mp-2290,NdRh2
mp-999335,NdRh
mp-1209920,Nd2(Al3Rh)3
mp-1209843,NdAlRh
mp-1104743,Nd3Rh2
mp-864699,NdRh3
mp-1201296,Nd5Rh4
mp-1220520,Nd4Rh
mp-1210911,Lu2(Al3Ir)3
mp-1210969,Lu6Al43V4
mp-1211259,Lu6Ta4Al43
mp-1211408,Lu(Al5Re)2
mp-1212360,Ho6Ti4Al43
mp-1212451,Hf6Be15Co8
mp-1212920,Er3(Al3Os)4
mp-1102508,DyOs2
mp-1213200,Dy3(Al3Os)4
mp-1189887,Dy3Os
mp-1213424,Er6Ta4Al43
mp-568912,Be12Nb
mp-30441,Be17Nb2
mp-1214241,Be15(Nb3Cu4)2
mp-11272,Be2Nb3
mp-11273,Be3Nb
mp-1215169,ZrVW
mp-1215600,Zr2CoNi
mp-1215627,Zr2VRe3
mp-12109,ZrRe2
mp-1374,Zr5Re24
mp-574458,Zr21Re25
mp-1216156,Y2(CuNi)5
mp-1216584,UMnFe
mp-567695,UMn2
mp-867264,Re3Os
mp-1219509,ReOs
mp-867141,ReOs3
mp-1217067,Ti2ReOs
mp-1217989,Ta4CoNi
mp-1218015,TaCoNi2
mp-1225806,Gd4Co3
mp-542633,GdCo2
mp-1219295,SmGdCo17
mp-1201816,Gd2Co17
mp-1219785,PrSmCo17
mp-568130,NdAlPt
mp-2359,NdPt5
mp-2720,NdPt2
mp-1220172,NdAl2Pt3
mp-1080485,NdPt
mp-1103985,Nd3Pt2
mp-1220374,NbVCr
mp-1220418,Nb6RuRh
mp-1222780,LaY
mp-1223925,HoFeRu
mp-1226542,CeYCu4
mp-1227005,Ce2Al41Mo3
mp-1228540,Al2VNi9
mp-1232423,Zr2CuTc
mp-1232425,Gd2NiIr
mp-12550,AlCuPt2
mp-13431,Dy2AlCo2
mp-16486,Ce(Al2Fe)4
mp-607077,Ce(Al4Fe)2
mp-204,CeFe2
mp-1193938,Ce(Al5Fe)2
mp-2080,SrBe13
mp-21845,FePd3
mp-30439,Ta6Be15Cu8
mp-30866,Rh3W
mp-318,SrIr2
mp-3340,TaAlCo2
mp-337,PuBe13
mp-3623,MnAlCo2
mp-16744,Y(Al5Fe)2
mp-4656,Y(Al2Fe)4
mp-1213056,Dy(Al5Fe)2
mp-1225357,DyAl7Fe5
mp-5091,Dy(Al2Fe)4
mp-567387,Ce(TiAl10)2
mp-568685,TmAlRh
mp-1208005,Tm2(Al3Rh)3
mp-1078304,Ca2AlPd2
mp-833,CaPd2
mp-571039,CaAlPd
mp-213,CaPd
mp-1104661,Ca3Pd2
mp-11826,CaPd5
mp-1106061,Ca3Pd
mp-1104669,Ca5Pd2
mp-861616,LiSc2Ir
mp-861912,TaTiTc2
mp-861964,LiLu2Ir
mp-861983,Ti2MnFe
mp-861984,Er2IrPd
mp-862287,BeAlRh2
mp-862361,Sc2NiOs
mp-862543,Sc2AlTc
mp-862657,LiCuPd2
mp-862673,LiY2Ru
mp-862686,LiAc2Ru
mp-862777,TmPaRu2
mp-862884,CaPmPd2
mp-863670,Pm2CuRh
mp-863671,Pm2CuRu
mp-863673,LiPm2Rh
mp-863713,Pm2NiIr
mp-863721,Pm2IrPt
mp-863725,Pm2PdPt
mp-863740,Pm2IrRu
mp-863741,Pm2PdRu
mp-864897,Zr2CuOs
mp-864926,HfPaTc2
mp-864930,LiTiIr2
mp-864944,MnBe2Pt
mp-864953,MnV2Cr
mp-865021,Be2RuPt
mp-865029,LiPaRu2
mp-865148,PaAlTc2
mp-865178,Hf2IrRh
mp-865179,Hf2FeOs
mp-865209,TmHfOs2
mp-865221,Dy2IrPd
mp-865270,TmTaOs2
mp-865319,Tm2CuRu
mp-865325,Lu2CoRu
mp-865374,Tm2OsPd
mp-865384,Tm2PdRu
mp-865495,V2CrTc
mp-865497,V2ReOs
mp-865529,Ti2NiIr
mp-865538,Ti2RePd
mp-865623,Lu2IrRh
mp-865639,LuPaRu2
mp-865751,YbDyRh2
mp-865753,YbErPd2
mp-865768,Ti2MnOs
mp-865788,TmPaTc2
mp-1102890,TmTc2
mp-865807,Ti2MoIr
mp-865829,Lu2CuIr
mp-865836,YbPaRh2
mp-30825,PaRh3
mp-865847,Lu2CuPt
mp-865857,YbNbRu2
mp-865889,YbBe13
mp-865916,TiVRe2
mp-865948,Ti2ReRh
mp-866029,Gd2IrPd
mp-866058,LiGd2Ru
mp-866127,LuTaOs2
mp-866139,TiBe2Ir
mp-866154,TiBeIr2
mp-866166,Y2PdRu
mp-866299,ErTaOs2
mp-867111,LiDy2Ru
mp-867117,Sc2CuPt
mp-867125,Al2RuPt
mp-867146,ScNbRu2
mp-867148,LiHfRh2
mp-867213,Er2OsPd
mp-867216,TaFeRu2
mp-867220,LiTm2Ir
mp-867249,TaAlFe2
mp-867271,Be2CoNi
mp-867273,Be2CuIr
mp-867275,BeVOs2
mp-867278,DyPaTc2
mp-1102084,DyTc2
mp-867326,Al2RuRh
mp-867761,Sc2CoRu
mp-867786,ScNbOs2
mp-867802,Sc2CuOs
mp-1102043,LaOs2
mp-867813,LiLa2Os
mp-867901,ScTaTc2
mp-867913,LiHo2Ir
mp-867918,ErPaRu2
mp-867919,ErNbRu2
mp-971754,V2ReW
mp-972204,V2MoRu
mp-972327,Zr2CoOs
mp-30744,IrW
mp-30745,Ir3W
mp-972337,Ti2IrW
mp-972424,TbYbPt2
mp-974063,HoScRu2
mp-977353,Ta2ReMo
mp-977534,ZrNbTc2
mp-977545,ZrTc2W
mp-977578,Zr2TcPd
mp-978539,SmTmRu2
mp-979259,V2ReMo
mp-979437,YPaTc2
mp-1102030,YTc2
mp-981365,V2ReRu
mp-983312,TmLuRu2
mp-984549,PmDyRh2
mp-570184,ThPd3
mp-1078527,ThAlPd
mp-1148,Th2Pd
mp-30838,ThPd
mp-1105083,Th3Pd4
mp-10911,Sc2Al3Ru
mp-1095579,TmAlPt
mp-1102209,GdRe2
mp-1103032,HoAlPt
mp-1103319,DyAlPt
mp-1183039,ZrTaTc2
mp-1183114,AcCu3
mp-1183120,Ac2CuRu
mp-1183483,CaAcRh2
mp-1183810,DyLuCu2
mp-1183846,DyLu3
mp-1183818,DyLuRu2
mp-1184202,ErLuCu2
mp-1184237,ErZrRu2
mp-1184525,GdPaRu2
mp-1184535,GdHoIr2
mp-1224476,Ho3(NiRu2)2
mp-1184689,Ho2NiRu
mp-1184846,HoThRu2
mp-1185527,LuPaRe2
mp-1186208,Nb2ReTc
mp-1186457,Pm2CoRu
mp-1186486,Pm2RuPt
mp-1186560,PmErPd2
mp-1189512,Eu3Rh
mp-1186577,PmEuRh2
mp-623827,EuRh2
mp-1186628,PmPrIr2
mp-1186652,PmSmRh2
mp-1186655,PmTmRu2
mp-1186761,Ta2MnRe
mp-1186763,Ta2MoW
mp-1186945,Sc2CuNi
mp-1187201,Ta2VRe
mp-1187213,Ta2ReOs
mp-1187217,SrPmPt2
mp-570832,SrPt5
mp-1349,SrPt2
mp-30843,Sr7Pt3
mp-1104074,Sr3Pt2
mp-1187432,Ti2CoMo
mp-1187629,YbPaIr2
mp-30741,PaIr3
mp-1188001,Zr2TcIr
mp-1188004,Zr2TcRh
mp-1188014,ZrScRu2
mp-1192673,Zr6Al16Rh7
mp-1193568,Zr6Al16Ir7
mp-1194109,EuBe13
mp-1194291,GdBe13
mp-1197169,Lu6Al43W4
mp-1198914,Dy6Al43Cr4
mp-1200116,Pr(Al10Cr)2
mp-1200867,La(Al10Cr)2
mp-1201295,Th6Al43Mo4
mp-1202283,U6Al43Mo4
mp-1203616,Y6Al43Cr4
mp-1204963,Pr(Al10V)2
mp-30854,UPt2
mp-30855,UPt3
mp-1206028,UPdPt4
mp-569752,UPt
mp-1072444,UPt5
mp-1207860,Y6Nb4Al43
mp-1208160,Tm6Al43V4
mp-1208288,U6Ta4Al43
mp-1208499,Tb6Nb4Al43
mp-1095666,TbOs2
mp-1208548,Tb3(Al3Os)4
mp-1189565,Tb3Os
mp-1102217,NdRu2
mp-1103979,Nd5Ru2
mp-1209944,Nd3(Al3Ru)4
mp-1209876,Nd(Al5Ru)2
mp-1106300,Nd3Ru
mp-1210290,Nd6Ta4Al43
mp-1210322,Nd6Ti4Al43
mp-1210363,Nd6Al43V4
mp-1210971,Lu6Nb4Al43
mp-1212357,Ho2(Al3Ir)3
mp-1212377,Ho6Ta4Al43
mp-1212412,Ho6Al43V4
mp-1212455,Hf6Be15Cu8
mp-1102143,ErRe2
mp-1213047,Er(Al5Re)2
mp-1213073,Dy2(Al3Ir)3
mp-1102210,DyRe2
mp-1213146,Dy(Al5Re)2
mp-1213274,Dy6Ta4Al43
mp-1215207,ZrScFe4
mp-1215563,YbCu2Ni3
mp-1216057,Y2NiRu3
mp-1216946,TiMnCr
mp-1217935,TaFe4W
mp-1217985,Ta2MnV3
mp-1219047,SmYCo17
mp-1219472,Sc(AlFe)6
mp-3701,Sc(Al2Fe)4
mp-1220335,NbMoW
mp-1220700,Nb2Al3Ir
mp-1222862,LaPrNi10
mp-1223114,La4CePd15
mp-1222905,LaCePd6
mp-1224435,Hf2V3Ru
mp-1225043,DyYFe4
mp-640095,La3Co
mp-569054,La2Co3
mp-30559,LaCo13
mp-12274,LaAl4Co
mp-16497,ScAlCu2
mp-2149,NpIr2
mp-22482,ErMn12
mp-2848,Pu5Ir3
mp-31081,Sc(MnAl2)4
mp-31189,DyBe13
mp-3910,Ce(Al10Cr)2
mp-567159,Dy6Ti4Al43
mp-2531,Er2Co17
mp-567849,Er2Al3Co
mp-411,ErCo3
mp-537,ErCo2
mp-30970,Er12Co7
mp-570042,PrAlPt
mp-1037,PrPt5
mp-1078557,PrPt
mp-1061,PrPt2
mp-1104177,Pr3Pt2
mp-703,Pu5Rh4
mp-861629,LiMnPd2
mp-861666,LiRu2W
mp-861883,Ac2CuIr
mp-861915,LiDy2Ir
mp-861985,Er2IrRh
mp-862338,Sc2CuRu
mp-862360,Sc2NiIr
mp-862363,Sc2PdPt
mp-862364,Sc2OsPt
mp-862367,Sc2NiRu
mp-862423,Sc2TcPd
mp-862446,TaAlRu2
mp-862614,LiTm2Ru
mp-862685,LiAc2Ir
mp-570670,YOs2
mp-1188757,Y3Os
mp-862719,LiY2Os
mp-862842,LiPm2Pt
mp-862852,PaNi3
mp-863,PuCo2
mp-863669,Pm2CuPt
mp-863679,ErTaRu2
mp-864631,LiNbRh2
mp-864759,LiYb2Ir
mp-864763,LiYb2Rh
mp-864782,Ta2MoRu
mp-864890,Hf2FeIr
mp-864990,Mn2AlW
mp-12595,MoRh
mp-30787,MoRh3
mp-865130,Hf2MoRh
mp-865151,YbNdRh2
mp-865184,LiScPd2
mp-865241,TmNbOs2
mp-865255,LuNbRu2
mp-865258,TbYbRh2
mp-865277,TmZrRu2
mp-865364,DyTaRu2
mp-865436,Gd2IrRh
mp-865516,YPaRu2
mp-865519,YTaRu2
mp-865531,TiMn2Al
mp-865536,YbZrRh2
mp-865589,Lu2IrPd
mp-865603,Y2IrRh
mp-865608,LuPaOs2
mp-865649,Ti2TcRh
mp-865656,TiMn2W
mp-865663,YbLuRh2
mp-865749,YbErRh2
mp-865783,YbHoRh2
mp-865785,YbHfIr2
mp-865786,CrPd3
mp-865795,LiSc2Ru
mp-865893,LiZr2Tc
mp-865906,YbPmPd2
mp-865993,YbSmRh2
mp-866088,Hf2CoTc
mp-866107,Ac2IrPd
mp-866111,Ho2IrRu
mp-866115,Be2PdRh
mp-866122,Tm2RuRh
mp-866143,TiBeRh2
mp-866284,Al2IrOs
mp-867265,LiTm2Os
mp-867270,Be2CoPt
mp-865193,Co3Pt
mp-949,CoPt
mp-922,CoPt3
mp-867279,DyPaRu2
mp-867304,BeVFe2
mp-867319,Al2CoIr
mp-867776,LiDy2Os
mp-867794,Sc2CuIr
mp-867811,TaMnRu2
mp-867821,TaTiMn2
mp-867828,BeNbRu2
mp-867834,LiHfPt2
mp-867899,Sm2IrRh
mp-2006,V3Ir
mp-867927,LiVIr2
mp-865496,VIr3
mp-569250,VIr
mp-972649,SmHoRu2
mp-973114,HoLuRu2
mp-973951,Lu2CuRh
mp-977382,Ta2VRu
mp-977541,Hf2TcOs
mp-977552,Be3Tc
mp-977567,Hf2CuRe
mp-979426,YHoRu2
mp-1187851,YHo3
mp-980648,TmThRu2
mp-1018129,Pt2W
mp-312,ThIr5
mp-1187,ThIr2
mp-12774,ThIr
mp-1079846,ThAlIr
mp-571094,Th7Ir3
mp-1213071,Dy2(Al3Pd)3
mp-1103382,DyAlPd
mp-1183093,Ac2IrRh
mp-1184074,DyTmRu2
mp-1184143,DyTm3
mp-1184567,Hf2TcIr
mp-1185926,Mn2PdPt
mp-1186592,PmHoRh2
mp-1186681,PmYIr2
mp-1186899,Rb
mp-1186941,Sc2CuPd
mp-1187622,YbCeRh2
mp-1192913,Gd(Al5Ru)2
mp-1193161,Yb(Al5Ru)2
mp-809,ThCo5
mp-30564,ThCo
mp-1206017,ThAlCo
mp-30565,Th7Co3
mp-1206691,TbCu4Pd
mp-1207398,Zr6Be15Pd8
mp-1207425,Zr6Be15Ni8
mp-1207711,Y2(Al3Rh)3
mp-1207747,Yb6Al43V4
mp-1207814,Y3(Al3Os)4
mp-570923,YRe2
mp-1207859,Y(Al5Re)2
mp-1208145,Tm(Al5Re)2
mp-1208596,SmBe13
mp-1209147,Sm6Ti4Al43
mp-1212088,HoAlRh
mp-1212450,Hf6Be15Ni8
mp-1214229,Be15(Nb3Ni4)2
mp-1217923,TaNi6Mo
mp-1219744,PrY
mp-1220208,Nd3Y
mp-1226767,Ce2CoRu3
mp-1227279,Be4AlNi
mp-12549,BaAl9Ni2
mp-1562,ThBe13
mp-17017,Al12Co4Cu
mp-30442,NpBe13
mp-637222,Gd2AlCo2
mp-861954,LiTaRu2
mp-862290,LiFeRh2
mp-862312,LiBePd2
mp-862336,Sc2IrPd
mp-862362,Sc2TcPt
mp-862370,Sc2PdRu
mp-862610,LiHfIr2
mp-862781,AlCrRu2
mp-863727,LiTiRh2
mp-864835,Hf2CoIr
mp-864882,Yb2PdRh
mp-864992,MnNbRu2
mp-864999,Dy2IrRh
mp-865025,HfTaRe2
mp-865041,HfScRh2
mp-865216,Dy2PdRu
mp-865222,Dy2RuRh
mp-865334,Lu2NiOs
mp-865484,V2CrRe
mp-865485,V2CrOs
mp-865665,TiReTc2
mp-866009,DyZrRu2
mp-866150,LiSm2Os
mp-867119,LiHfPd2
mp-867897,ScTaRu2
mp-972323,TaNbTc2
mp-972957,ScTiRu2
mp-977561,LiTaIr2
mp-979433,YLuCu2
mp-1187801,Y3Lu
mp-980059,TbPmRh2
mp-980197,YbErPt2
