material_id,pretty_formula,FullWindow
mp-567305,CeAl3,True
mp-569304,C,True
mp-1591,Al4C3,True
mp-10036,Ce3AlC,True
mp-20181,Ce2C3,True
mp-567332,Ce,True
mp-1213865,Ce3Al11,True
mp-134,Al,True
mp-2088,CeAl2,True
mp-1018065,DyFeC2,True
mp-13,Fe,True
mp-1213387,Dy3C4,True
mp-568006,DyFe5,True
mp-12574,Dy2C,True
mp-10658,Dy,True
mp-1212812,Dy4C5,True
mp-1190738,Dy2Fe17C3,True
mp-1018742,LaNi2Rh3,True
mp-23,Ni,True
mp-74,Rh,True
mp-2317,LaNi5,True
mp-1702,LaRh2,True
mp-1002107,LaRh,True
mp-974030,LaRh3,True
mp-1679,La2Ni7,True
mp-582055,La7Ni16,True
mp-1222858,LaNi4Rh,True
mp-573855,La7Ni3,True
mp-1104495,La3Rh2,True
mp-26,La,True
mp-1064719,LaNi,True
mp-626,La4Rh3,True
mp-1222896,LaNi3Rh2,True
mp-1021323,LiC12,True
mp-1018134,Li,True
mp-1222310,Lu2C,True
mp-90,Cr,True
mp-145,Lu,True
mp-1025175,Lu2Cr2C3,True
mp-1203767,Lu3C4,True
mp-723,Cr23C6,True
mp-1196316,Cr7C3,True
mp-20937,Cr3C2,True
mp-15178,Lu4C7,True
mp-1205180,Tm3C4,True
mp-1025181,Tm2Cr2C3,True
mp-1216546,Tm2C,True
mp-1018122,Tm,True
mp-20648,V2C,True
mp-1025497,AlV2C,True
mp-146,V,True
mp-1387,AlV3,True
mp-2554,Al3V,True
mp-28731,V6C5,True
mp-1214915,Al3(V3C2)4,True
mp-29941,Sc2C,True
mp-15661,Sc4C3,True
mp-2212,ScCo,True
mp-27162,Sc3Co,True
mp-67,Sc,True
mp-28733,Sc3C4,True
mp-5075,Sc3CoC4,True
mp-10270,ScCo3C,True
mp-54,Co,True
mp-615314,ScCoC2,True
mp-253,ScCo2,True
mp-9546,Yb2C3,True
mp-1064469,YbNiC2,True
mp-972364,Yb,True
mp-1189509,Yb3Ni,True
mp-1103975,YbC6,True
mp-1980,YbNi2,True
mp-8792,Yb11(Ni10C)6,True
mp-2645,YbNi5,True
mp-1095559,YbNi3,True
mp-864632,Yb4Ni13C4,True
mp-1224869,Gd2C,True
mp-542632,GdNi,True
mp-155,Gd,True
mp-1065668,GdNiC2,True
mp-21305,GdNi5,True
mp-1189998,Gd2C3,True
mp-543019,GdNi2,True
mp-669713,Gd2Ni7,True
mp-866397,Gd4Ni13C4,True
mp-16505,La3Al11,True
mp-985806,Al2Cu,True
mp-1070573,LaAl3Cu,True
mp-2500,AlCu,True
mp-1225549,LaAl2Cu3,True
mp-2694,LaAl2,True
mp-593,Al4Cu9,True
mp-12802,AlCu3,True
mp-959,LaAl3,True
mp-12684,LaAl,True
mp-2051,LaCu2,True
mp-1222898,LaAlCu4,True
mp-2613,LaCu5,True
mp-1078920,LaCu,True
mp-1223301,La2Al3Cu7,True
mp-1194443,LaCu13,True
mp-30,Cu,True
mp-1078035,Sm2Cr2C3,True
mp-86,Sm,True
mp-569335,Sm2C3,True
mp-1219177,Sm2C,True
mp-1937,YbCu,True
mp-969,YbAl2,True
mp-1607,YbCu5,True
mp-1215553,YbAlCu5,True
mp-567538,YbCu2,True
mp-1215672,YbAl7Cu5,True
mp-1215808,Yb(AlCu)6,True
mp-1078543,YbAlCu,True
mp-1104848,Yb(Al2Cu)4,True
mp-977428,YbAl2Cu,True
mp-1193533,Yb6Al7Cu16,True
mp-1078624,LaCoC2,True
mp-2367,LaC2,True
mp-640095,La3Co,True
mp-1184,La2C3,True
mp-30559,LaCo13,True
mp-1104741,Tb(Al2Cu)4,True
mp-1217839,Tb(AlCu)6,True
mp-867232,TbAl3,True
mp-11363,TbCu5,True
mp-1079357,TbAlCu,True
mp-1527,TbCu2,True
mp-11225,TbAl,True
mp-756,TbAl2,True
mp-1837,TbCu,True
mp-11698,Tb,True
mp-1208292,TbAl3Cu2,True
mp-1103391,Tb2Al,True
mp-1069443,CeAl3Cu,True
mp-1226644,CeAl2Cu3,True
mp-1079868,CeAlCu,True
mp-2801,CeCu2,True
mp-581942,CeCu6,True
mp-20003,Ce(Al2Cu)4,True
mp-1226887,CeAlCu4,True
mp-973553,Gd(Al2Cu)4,True
mp-1225036,Gd(AlCu)6,True
mp-865411,GdAl3,True
mp-1080612,GdAlCu,True
mp-19923,GdAl2,True
mp-1076933,GdAl3Cu,True
mp-636253,GdCu5,True
mp-1077933,GdCu2,True
mp-1078585,GdAl,True
mp-614455,GdCu,True
mp-1184417,Gd3Al,True
mp-2593,AlNi3,True
mp-11526,TmNi5,True
mp-16515,Al4Ni3,True
mp-16517,TmAl2Ni,True
mp-1057,Al3Ni2,True
mp-622209,Al3Ni,True
mp-768,TmAl3,True
mp-1216573,TmAlNi4,True
mp-1576,TmNi2,True
mp-1190028,TmAl3Ni2,True
mp-1087523,TmAlNi,True
mp-1487,AlNi,True
mp-1191848,Tm3(AlNi3)2,True
mp-11525,TmNi,True
mp-16721,TmAl,True
mp-858,TmAl2,True
mp-16518,TmAl4Ni,True
mp-16514,Al3Ni5,True
mp-1069611,Tm2AlNi2,True
mp-982635,Tm3Al2,True
mp-1095137,UFeC2,True
mp-2486,UC2,True
mp-21050,UFe2,True
mp-2489,UC,True
mp-44,U,True
mp-2625,U2C3,True
mp-568693,Gd(Al3Ni)3,True
mp-1212604,GdAl3Ni2,True
mp-1101090,GdAlNi,True
mp-1095605,GdAl4Ni,True
mp-1224779,GdAlNi4,True
mp-580327,Gd3(AlNi3)2,True
mp-630019,GdAl2Ni,True
mp-1071506,Gd2AlNi2,True
mp-1306,ThAl3,True
mp-1104798,Th(Al2Cu)4,True
mp-669,ThAl2,True
mp-1651,Th2Al,True
mp-1377,ThCu2,True
mp-37,Th,True
mp-1217740,Th14Cu51,True
mp-12834,ThCu6,True
mp-1104803,Dy(AlC)3,True
mp-864995,DyAl3,True
mp-29676,Dy3AlC,True
mp-1102728,Dy2Al,True
mp-433,DyAl,True
mp-803,DyAl2,True
mp-1104806,Gd(AlC)3,True
mp-580539,Gd3AlC,True
mp-680561,U5Re3C8,True
mp-1025230,U2Re2C3,True
mp-569480,URe2,True
mp-8,Re,True
mp-1105571,UReC2,True
mp-974437,Re2C,True
mp-11352,PrAl5Ni2,True
mp-1206143,PrAl2Ni,True
mp-1189,PrAl2,True
mp-2370,PrNi5,True
mp-1219687,PrAlNi4,True
mp-11799,PrNi,True
mp-1079699,PrAlNi,True
mp-38,Pr,True
mp-568417,PrAl,True
mp-1102445,PrNi3,True
mp-1106122,Pr3Ni,True
mp-12553,PrAl3,True
mp-1095484,PrAl4Ni,True
mp-1103785,Pr3Al11,True
mp-1163,UBe13,True
mp-87,Be,True
mp-1225044,Er2C,True
mp-567314,ErNi,True
mp-1184115,Er,True
mp-1203719,Er3C4,True
mp-853,ErNi5,True
mp-28147,Er4Ni13C4,True
mp-11723,ErNiC2,True
mp-1051,ErNi3,True
mp-1212833,Er4C7,True
mp-1939,ErNi2,True
mp-1200559,Er2Ni7,True
mp-1206215,Er4Ni2C5,True
mp-7130,ScRu3C,True
mp-33,Ru,True
mp-1179515,Sc3RuC4,True
mp-30867,ScRu,True
mp-1194143,Sc11Ru4,True
mp-567750,ScRu2,True
mp-1210377,Sc57Ru13,True
mp-1209947,Sc44Ru7,True
mp-103,Hf,True
mp-2802,HfRu,True
mp-569220,ErRu2,True
mp-1184159,ErHfRu2,True
mp-31198,Er3Ru2,True
mp-131,Zr,True
mp-214,ZrRu,True
mp-1184237,ErZrRu2,True
mp-646926,GdRu2,True
mp-1184370,Gd2NiRu,True
mp-1184422,Gd2CuRu,True
mp-1184496,Gd3Lu,True
mp-11495,LuRu,True
mp-1184510,GdLuRu2,True
mp-568630,LuRu2,True
mp-1198195,Tm5Ir3,True
mp-1184532,GdTmIr2,True
mp-11483,TmIr,True
mp-30743,TmIr2,True
mp-510400,GdIr3,True
mp-101,Ir,True
mp-2363,HfMo2,True
mp-11460,HfTc,True
mp-129,Mo,True
mp-1184589,HfTc2Mo,True
mp-113,Tc,True
mp-1095669,HfTc2,True
mp-11452,HfOs,True
mp-1193087,Zr11Os4,True
mp-570684,ZrOs2,True
mp-49,Os,True
mp-1184607,HfZrOs2,True
mp-11541,ZrOs,True
mp-30581,Hf2Cu,True
mp-1224756,Hf14Cu51,True
mp-1184609,Hf2CuTc,True
mp-1200988,Hf7Cu10,True
mp-7353,Hf3Cu8,True
mp-1189478,Er3Ir,True
mp-10659,Ho,True
mp-1197997,Ho5Ir3,True
mp-1201760,Er5Ir3,True
mp-2713,ErIr,True
mp-1495,ErIr2,True
mp-928,HoIr2,True
mp-1184769,HoErIr2,True
mp-11476,HoIr,True
mp-1189120,Ho3Ir,True
mp-1184831,HoTmRu2,True
mp-1185270,LiNpRh2,True
mp-11534,Np,True
mp-11536,NpRh3,True
mp-600561,LiRh,True
mp-1001787,LiRh3,True
mp-1761,LuIr2,True
mp-1529,LuIr,True
mp-2206,LuCo2,True
mp-1222465,Lu4Co3,True
mp-567963,Lu5Ir2,True
mp-1185467,Lu2CoIr,True
mp-1169,ScCu,True
mp-1185508,LuScCu2,True
mp-1025122,LuCu2,True
mp-1018149,ScCu2,True
mp-580136,LuCu5,True
mp-1103511,Lu(Al2Cu)4,True
mp-2805,LuAl3,True
mp-1222454,Lu(AlCu)6,True
mp-1185509,LuAlCu2,True
mp-1234,LuAl2,True
mp-16508,Lu3Al2,True
mp-16507,LuAl,True
mp-1222329,LuAlCu,True
mp-1185527,LuPaRe2,True
mp-10740,Pa,True
mp-1186209,Nb2TcRu,True
mp-867356,TcRu3,True
mp-1217363,TcRu,True
mp-861630,Tc3Ru,True
mp-1220323,NbTc,True
mp-1220634,Nb2Tc,True
mp-11517,NbRu3,True
mp-977434,Nb3Ru,True
mp-75,Nb,True
mp-432,NbRu,True
mp-1932,Nb3Os,True
mp-1220934,Nb3Os2,True
mp-867212,TcOs3,True
mp-1186210,Nb2TcOs,True
mp-862779,Tc3Os,True
mp-1186655,PmTmRu2,True
mp-867200,Pm,True
mp-1196999,Y3Rh2,True
mp-1189474,Y7Rh3,True
mp-1207780,Y3Rh,True
mp-1187739,Y,True
mp-1191413,YRh3,True
mp-862959,PmRh3,True
mp-921,YRh2,True
mp-1186677,PmYRh2,True
mp-191,YRh,True
mp-1186681,PmYIr2,True
mp-1198712,Y5Ir3,True
mp-1207785,Y3Ir,True
mp-2762,YIr2,True
mp-12678,TaMn2,True
mp-35,Mn,True
mp-1186761,Ta2MnRe,True
mp-50,Ta,True
mp-1187203,Ta3Re,True
mp-1217894,TaRe,True
mp-1186763,Ta2MoW,True
mp-1217895,TaMo,True
mp-979289,TaW3,True
mp-91,W,True
mp-1217811,TaW,True
mp-1187206,Ta3W,True
mp-1187242,TaNbRe2,True
mp-1220322,NbRe,True
mp-1186767,Ta2NbRe,True
mp-11572,TaTc,True
mp-1187197,Ta3Os,True
mp-1218177,Ta3Os2,True
mp-1187210,Ta2TcOs,True
mp-1187243,TaOs3,True
mp-1216621,TiW,True
mp-1187245,TiMo2W,True
mp-72,Ti,True
mp-1017983,TiMo3,True
mp-291,TiOs,True
mp-1187427,Ti2FeOs,True
mp-305,TiFe,True
mp-985,TmCu,True
mp-1187606,TmLuCu2,True
mp-1077209,TmCu2,True
mp-30600,TmCu5,True
mp-1187856,YHoIr2,True
mp-30619,Zr3Co,True
mp-1188062,Zr3Sc,True
mp-1188031,ZrScCo2,True
mp-929,ZrCo2,True
mp-1077791,ZrSc2,True
mp-30569,Zr6Co23,True
mp-628,Zr2Co,True
mp-2283,ZrCo,True
mp-1070507,Lu2AlNi2,True
mp-2130,LuNi2,True
mp-1078899,LuNi,True
mp-1025389,LuAl2Ni,True
mp-16509,LuAl4Ni,True
mp-11491,LuNi5,True
mp-1079819,LuAlNi,True
mp-1189515,LuAl3Ni2,True
mp-692,Tb2C,True
mp-1190096,TbWC2,True
mp-15237,Tb4C5,True
mp-1894,WC,True
mp-7188,Al2Os,True
mp-1095482,YbOs2,True
mp-1192485,Yb(Al5Os)2,True
mp-567929,Al13Os4,True
mp-1193092,ErBe13,True
mp-1089,TiIr3,True
mp-1885,AlIr,True
mp-1235,TiIr,True
mp-1193121,Ti6Al16Ir7,True
mp-2294,Al3Ir,True
mp-542915,TiAl3,True
mp-567705,TiAl2,True
mp-544,Ti3Ir,True
mp-1823,Ti3Al,True
mp-1953,TiAl,True
mp-12003,Al9Ir2,True
mp-542569,AlRu,True
mp-10910,Al2Ru,True
mp-1070580,Al3Ru2,True
mp-1193161,Yb(Al5Ru)2,True
mp-17880,Al13Ru4,True
mp-16529,Al6Ru,True
mp-2049,ZrMo2,True
mp-556,ZrNi,True
mp-485,ZrNi3,True
mp-328,Zr2Ni,True
mp-1193397,Zr9NiMo4,True
mp-2717,Zr2Ni7,True
mp-11507,Ni4Mo,True
mp-11506,Ni3Mo,True
mp-1190681,ZrFe2,True
mp-582924,Zr6Fe23,True
mp-31205,Zr3Fe,True
mp-1193832,Zr9FeMo4,True
mp-2665,PrRu2,True
mp-1197932,Pr7Ru3,True
mp-1209381,Pr3(Al3Ru)4,True
mp-861986,Pr5Al2Ru3,True
mp-1104937,Pr5Ru2,True
mp-1193957,Pr(Al5Ru)2,True
mp-1105741,Pr3Ru,True
mp-1194109,EuBe13,True
mp-1057315,Eu,True
mp-1194170,Dy6Al7Cu16,True
mp-984726,Dy(Al2Cu)4,True
mp-1225307,DyCu5,True
mp-1071835,DyCu2,True
mp-1078857,DyAlCu,True
mp-2334,DyCu,True
mp-867870,SmAl3,True
mp-581770,Sm4Al23Ni6,True
mp-1075,SmNi5,True
mp-1208873,SmAl3Ni2,True
mp-1025458,SmAl2Ni,True
mp-2358,SmAl2,True
mp-1105945,Sm3Ni,True
mp-978951,SmAl,True
mp-1191453,Sm3AlNi8,True
mp-1095619,SmNi3,True
mp-1402,SmNi2,True
mp-1200995,Sm2Ni7,True
mp-11945,SmAl4Ni,True
mp-999145,SmNi,True
mp-573541,Sm3(AlNi3)2,True
mp-1208898,SmAl3Ni,True
mp-1195612,La11(MnC6)3,True
mp-542830,Mn23C6,True
mp-21256,Mn7C3,True
mp-1197605,Y10Mn13C18,True
mp-1200885,Y4C7,True
mp-1334,Y2C,True
mp-22508,YMn12,True
mp-9459,Y4C5,True
mp-1200613,Y3C4,True
mp-1199732,Yb6Ti4Al43,True
mp-1200740,Yb(TiAl10)2,True
mp-11230,Y2Al,True
mp-2322,YAl2,True
mp-30337,Al5W,True
mp-865527,YAl3,True
mp-1199868,Y6Al43W4,True
mp-11227,Al12W,True
mp-1208,ErAl2,True
mp-1699,AlCr2,True
mp-1188739,ErAl,True
mp-1102875,Er2Al,True
mp-31019,Al45Cr7,True
mp-1201665,Er6Al43Cr4,True
mp-1226597,Er6Al41Cr6,True
mp-867780,Al3Cr,True
mp-2134,ErAl3,True
mp-1203616,Y6Al43Cr4,True
mp-259,AlMo3,True
mp-2733,Al8Mo3,True
mp-568153,Al22Mo5,True
mp-1204409,Yb6Al43Mo4,True
mp-1204502,Pr(TiAl10)2,True
mp-569744,UAl2,True
mp-1205254,U6Al43W4,True
mp-4037,TmNiC2,True
mp-1205529,Tm4Ni2C5,True
mp-1105841,Dy3Ru,True
mp-1206121,DyRu3C,True
mp-30622,Dy5Ru2,True
mp-973586,Lu(AlC)3,True
mp-1206894,Lu3AlC,True
mp-364,AlRh,True
mp-1207711,Y2(Al3Rh)3,True
mp-1791,Al5Rh2,True
mp-1645,Al9Rh2,True
mp-18427,Nb2Al,True
mp-1842,NbAl3,True
mp-1207755,Yb6Nb4Al43,True
mp-771,MnAl,True
mp-2856,Mn4Al11,True
mp-1207829,Yb6Mn4Al43,True
mp-173,MnAl6,True
mp-1207860,Y6Nb4Al43,True
mp-1190821,Y2Fe17C3,True
mp-1570,YFe2,True
mp-1207957,Y2Fe14C,True
mp-11385,YFe5,True
mp-1214889,Al11Re4,True
mp-1228815,AlRe,True
mp-10909,AlRe2,True
mp-1648,Al12Re,True
mp-1208145,Tm(Al5Re)2,True
mp-16528,Al6Re,True
mp-1193531,Ta2Al,True
mp-869,TaAl3,True
mp-1208183,Tm6Ta4Al43,True
mp-1208218,U6Nb4Al43,True
mp-2725,TbIr2,True
mp-1201266,Tb5Ir3,True
mp-1208552,Tb2(Al3Ir)3,True
mp-1106276,Tb3Ir,True
mp-1208596,SmBe13,True
mp-570007,SmOs2,True
mp-1190029,Sm3Os,True
mp-1208935,Sm3(Al3Os)4,True
mp-284,AlCo,True
mp-980752,Sm3Co,True
mp-7317,Sm5Co2,True
mp-540547,Sm2Co7,True
mp-1208953,Sm2(Al3Co)3,True
mp-196,Al5Co2,True
mp-16488,Al9Co2,True
mp-1209374,Pr3(Al3Os)4,True
mp-1189967,Pr3Os,True
mp-567339,PrOs2,True
mp-1209309,Pr(Al5Os)2,True
mp-2529,PrRh2,True
mp-999305,PrRh,True
mp-1209803,Pr2(Al3Rh)3,True
mp-1209554,PrAlRh,True
mp-1104158,Pr3Rh2,True
mp-890,NdIr2,True
mp-1209890,Nd2(Al3Ir)3,True
mp-16513,NdAl3,True
mp-400,NdAl2,True
mp-864637,NdAl,True
mp-1189686,Nd3Ir,True
mp-123,Nd,True
mp-30522,Nd5Ir3,True
mp-1104605,Nd5Ir2,True
mp-1188656,Nd3Os,True
mp-1209871,Nd(Al5Os)2,True
mp-569630,NdOs2,True
mp-1209972,Nd3(Al3Os)4,True
mp-1463,LaIr2,True
mp-1211311,La2(Al3Ir)3,True
mp-1104396,La5Ir2,True
mp-1199235,La5Ir3,True
mp-1104303,La3Ir2,True
mp-570001,Al6Fe,True
mp-1212162,Ho(Al5Fe)2,True
mp-1102065,HoAl3,True
mp-391,HoAl2,True
mp-1183162,AlFe3,True
mp-1224088,Ho(AlFe)6,True
mp-2658,AlFe,True
mp-31179,Ho(Al2Fe)4,True
mp-30634,HoFe3,True
mp-16502,Ho2Al,True
mp-1188420,HoAl,True
mp-1223966,Ho2AlFe3,True
mp-1192795,Hf6Co23,True
mp-2773,BeCo,True
mp-2337,HfCo2,True
mp-1212451,Hf6Be15Co8,True
mp-1183425,Be3Co,True
mp-2027,HfCo,True
mp-2025,HfBe5,True
mp-1212567,Hf2Be17,True
mp-1878,HfBe13,True
mp-1071690,Be5Co,True
mp-1190841,Hf2Co,True
mp-1102328,HoRe2,True
mp-1212490,Ho(Al5Re)2,True
mp-1212572,GdWC2,True
mp-7281,Dy3Ni2,True
mp-3053,DyAlNi,True
mp-2738,DyNi,True
mp-1179,DyNi5,True
mp-865205,Dy2Ni7,True
mp-421,DyNi2,True
mp-1192283,Dy3AlNi8,True
mp-16807,Dy3(AlNi3)2,True
mp-1225297,DyAlNi4,True
mp-1212853,DyAl3Ni2,True
mp-569385,DyAl2Ni,True
mp-31180,DyAl4Ni,True
mp-1212925,Er3(Al3Ru)4,True
mp-1212826,Er(Al5Ru)2,True
mp-1213006,Er2OsC2,True
mp-1213427,Er6Al43V4,True
mp-11272,Be2Nb3,True
mp-1214229,Be15(Nb3Ni4)2,True
mp-11273,Be3Nb,True
mp-1033,BeNi,True
mp-1451,NbNi3,True
mp-1220799,NbNi,True
mp-30441,Be17Nb2,True
mp-865168,Be3Ni,True
mp-568912,Be12Nb,True
mp-972071,V3Mo,True
mp-1215168,ZrVMo,True
mp-675,ZrW2,True
mp-1216231,VW,True
mp-1215169,ZrVW,True
mp-1187702,VW3,True
mp-1215207,ZrScFe4,True
mp-1095443,ScFe2,True
mp-1215552,Zr2AlFe3,True
mp-2772,ZrAl2,True
mp-395,ZrAl3,True
mp-1215319,ZrAlFe4,True
mp-1215720,Zr3AlFe8,True
mp-1482,Zr2Al3,True
mp-12752,Zr4Al3,True
mp-1471,Zr3Al,True
mp-1215479,Zr2V3Fe,True
mp-1079399,V3Fe,True
mp-866134,VFe3,True
mp-1215874,Zr3(V2Fe)2,True
mp-2152,YNi5,True
mp-1080443,YCu,True
mp-2698,YCu2,True
mp-1364,YNi,True
mp-1200338,Y15Ni32,True
mp-2797,YCu5,True
mp-1105633,Y3Ni,True
mp-1216156,Y2(CuNi)5,True
mp-574339,Y2Ni7,True
mp-569196,YNi3,True
mp-582134,Y3Ni2,True
mp-4054,YAl3Ni,True
mp-13094,YAl2Ni,True
mp-4847,Y4Al23Ni6,True
mp-3602,YAl4Ni,True
mp-4577,Y3(AlNi3)2,True
mp-5063,YAl3Ni2,True
mp-1216255,Y2(AlNi)5,True
mp-13095,YAlNi,True
mp-11531,VNi2,True
mp-171,VNi3,True
mp-1418,FeNi3,True
mp-2213,FeNi,True
mp-1216443,V6FeNi,True
mp-7226,V3Ni,True
mp-1216708,V3Ni2,True
mp-867264,Re3Os,True
mp-1219509,ReOs,True
mp-867141,ReOs3,True
mp-518,Ti5Re24,True
mp-1018125,Ti2Re,True
mp-1217067,Ti2ReOs,True
mp-2179,TiRe,True
mp-30808,TbNi5,True
mp-31139,TbNi,True
mp-276,TbNi2,True
mp-1189379,Tb2Ni7,True
mp-1217589,TbCuNi4,True
mp-623751,Tb3Ni,True
mp-1217570,TbCu2Ni3,True
mp-4353,TbAl4Ni,True
mp-1217581,TbAlNi4,True
mp-1191827,Tb3(AlNi3)2,True
mp-1208327,TbAl3Ni2,True
mp-16516,TbAl2Ni,True
mp-1069297,Tb2AlNi2,True
mp-11538,TbAlNi,True
mp-1217630,Tb3SmNi4,True
mp-570491,TaNi3,True
mp-1183837,Co3Ni,True
mp-1217989,Ta4CoNi,True
mp-1867,Ta2Ni,True
mp-574,Ta2Co,True
mp-1218015,TaCoNi2,True
mp-7851,TaCo3,True
mp-1218179,TaCo,True
mp-1218003,TaAl2Ni9,True
mp-1218041,TaAlNi6,True
mp-1218087,Ta3Mn8Al,True
mp-867120,TaMn2Al,True
mp-567276,TaV2,True
mp-7088,Ta2C,True
mp-1086,TaC,True
mp-1585,V3Co,True
mp-542614,VCo3,True
mp-1218094,Ta6V3Co3C2,True
mp-1219090,SmDyNi2,True
mp-1219097,SmErNi2,True
mp-1219263,Sm6Al3Fe11,True
mp-1219228,Sm(Al3Fe)3,True
mp-1105621,Pr2Co17,True
mp-1219785,PrSmCo17,True
mp-862762,Pr3Co,True
mp-1104821,Pr5Co2,True
mp-1824,NdNi5,True
mp-1095561,NdNi3,True
mp-11852,NdCu2,True
mp-999339,NdNi,True
mp-1188200,Nd3Ni,True
mp-13392,NdCu,True
mp-1140,NdCu5,True
mp-1220196,Nd4Cu3Ni,True
mp-1220204,NdCuNi4,True
mp-4813,NbAlNi2,True
mp-1220476,NbAl2Ni9,True
mp-1221748,Mn8Nb3Al,True
mp-12659,Mn2Nb,True
mp-1210893,Lu(Al5Fe)2,True
mp-1222342,Lu2Al3Fe,True
mp-2463,LuFe2,True
mp-11037,Lu(Al2Fe)4,True
mp-1222470,LuAl7Fe5,True
mp-1222942,LaCu3Ni2,True
mp-1222916,LaCu2Ni3,True
mp-1222960,LaCuNi4,True
mp-1184724,Ho2CoRu,True
mp-622565,Ho3Co,True
mp-1223854,HoCoRu,True
mp-2435,HoCo5,True
mp-2396,HoCo2,True
mp-30969,Ho12Co7,True
mp-2754,Hf2Fe,True
mp-1184648,HfZrFe2,True
mp-1224188,HfZrFe4,True
mp-1191401,HfFe2,True
mp-21075,HfC,True
mp-1224285,HfTaC2,True
mp-1224446,Hf3TaFe8,True
mp-1218218,TaFe,True
mp-568077,TaFe2,True
mp-1224902,GdErAl6,True
mp-1225043,DyYFe4,True
mp-571253,Er(Al3Ni)3,True
mp-31183,ErAl4Ni,True
mp-31182,ErAl2Ni,True
mp-1225548,ErAlNi4,True
mp-17141,Er3(AlNi3)2,True
mp-13490,ErAl3Ni2,True
mp-1068244,Er2AlNi2,True
mp-1078826,ErAlNi,True
mp-16486,Ce(Al2Fe)4,True
mp-607077,Ce(Al4Fe)2,True
mp-1226839,Ce2AlFe3,True
mp-11317,CeFe5,True
mp-1193938,Ce(Al5Fe)2,True
mp-1227272,Be4AlFe,True
mp-2225,Be2Fe,True
mp-983590,Be3Fe,True
mp-4689,Al7FeCu2,True
mp-1228719,Al37(Fe6Cu)2,True
mp-1228914,Al4CrNi15,True
mp-784631,CrNi2,True
mp-12789,Yb(Al5Fe)2,True
mp-13264,Sm2Mo2C3,True
mp-1552,Mo2C,True
mp-13501,ErCoC2,True
mp-30970,Er12Co7,True
mp-411,ErCo3,True
mp-8475,ErCoC,True
mp-537,ErCo2,True
mp-13502,TmCoC2,True
mp-632,TmCo2,True
mp-1217007,Tm4Co3,True
mp-19754,TmCoC,True
mp-1388,DyRh2,True
mp-232,DyRh,True
mp-15856,DyRh3C,True
mp-1105786,Dy7Rh3,True
mp-1205201,Dy3Rh2,True
mp-16504,HoAl4Ni,True
mp-16503,HoAl2Ni,True
mp-1553,HoNi5,True
mp-1223899,HoAlNi4,True
mp-30791,Ho3(AlNi3)2,True
mp-2042,HoNi3,True
mp-673,HoNi2,True
mp-11871,HoNi,True
mp-2909,HoAlNi,True
mp-1212127,HoAl3Ni2,True
mp-1080523,Ho3Ni2,True
mp-4656,Y(Al2Fe)4,True
mp-16744,Y(Al5Fe)2,True
mp-1228194,Al6CoCu3,True
mp-17017,Al12Co4Cu,True
mp-17856,Al7CoCu2,True
mp-1095601,YbCo3,True
mp-18367,Yb(Al4Co)2,True
mp-1112,CeCo2,True
mp-20753,CeCoC2,True
mp-20799,Er2ReC2,True
mp-1102143,ErRe2,True
mp-1213155,Er5Re2C7,True
mp-20111,EuAl2,True
mp-582799,EuAl4,True
mp-21407,EuAl9Co2,True
mp-21536,Ni2Mo4C,True
mp-30052,Ni6Mo6C,True
mp-22561,Pr2ReC2,True
mp-1199582,Pr12(ReC3)5,True
mp-683,Pr2C3,True
mp-22793,AlFe3C,True
mp-1206911,ErRu3C,True
mp-28472,Er10Ru10C19,True
mp-28767,Sc5Re2C7,True
mp-11558,Sc5Re24,True
mp-11557,ScRe2,True
mp-973634,Ho(AlC)3,True
mp-29677,Ho3AlC,True
mp-1640,Ho2C,True
mp-1154,Ho4C7,True
mp-15238,Ho4C5,True
mp-1202754,Ho3C4,True
mp-3061,TbNiC2,True
mp-1191040,Tb4Ni13C4,True
mp-1219472,Sc(AlFe)6,True
mp-3701,Sc(Al2Fe)4,True
mp-813,ScAl2,True
mp-2121,ScAl3,True
mp-862259,Sc3Al,True
mp-11220,Sc2Al,True
mp-331,ScAl,True
mp-3910,Ce(Al10Cr)2,True
mp-1193679,Zr6Al16Ni7,True
mp-5723,ZrAlNi,True
mp-30183,ZrAl5Ni2,True
mp-3944,ZrAlNi2,True
mp-4798,Sc(AlC)3,True
mp-4079,Sc3AlC,True
mp-457,CeBe13,True
mp-4955,AlVCo2,True
mp-510486,Ta3Al2CoC,True
mp-3340,TaAlCo2,True
mp-3802,Ta4AlC3,True
mp-569568,Ta3AlC2,True
mp-1025441,Ta2AlC,True
mp-542177,PuAl3,True
mp-571261,Pu,True
mp-542776,PuAl4,True
mp-567492,Ce2WC2,True
mp-567527,Eu(Al10V)2,True
mp-567748,Zr2Al3C4,True
mp-2795,ZrC,True
mp-684623,Zr10C9,True
mp-569326,Zr4(AlC2)3,True
mp-570419,Zr3Al3C5,True
mp-568030,Th(Al5Fe)2,True
mp-18014,Th7Fe3,True
mp-30639,Th2Fe7,True
mp-1080524,LaAl5Ni2,True
mp-1211232,LaAl3Ni2,True
mp-1222929,LaAlNi4,True
mp-569071,La5Al3Ni2,True
mp-568040,La2AlNi9,True
mp-8894,U2Al3C4,True
mp-568155,U(AlC)3,True
mp-568326,Pr2WC2,True
mp-570436,CaIr2,True
mp-570356,Ca5Ir,True
mp-132,Ca,True
mp-642493,Hf3Al3C5,True
mp-570784,Hf2Al3C4,True
mp-1025223,Hf4Al3,True
mp-12657,HfAl2,True
mp-568718,HfAl3,True
mp-582826,GdRuC2,True
mp-615459,La2Ni5C3,True
mp-1018048,LaNiC2,True
mp-8499,Ho2Cr2C3,True
mp-11573,TiTc,True
mp-1018166,AlTc2,True
mp-1104047,Al4Tc,True
mp-16719,Al12Tc,True
mp-861637,Ti2AlTc,True
mp-608,TiCo3,True
mp-1191331,Ti2Co,True
mp-823,TiCo,True
mp-861639,Ti2CoIr,True
mp-865960,CoRe3,True
mp-861641,Ti2CoRe,True
mp-861953,AlFeRh2,True
mp-1918,FeRh,True
mp-1184364,Fe3Rh,True
mp-861964,LiLu2Ir,True
mp-279,LiIr,True
mp-30738,LiIr3,True
mp-861965,Ho2RuRh,True
mp-2163,HoRh,True
mp-546,HoRh2,True
mp-1219522,RuRh4,True
mp-1106336,Ho7Rh3,True
mp-1200753,Ho3Rh2,True
mp-862287,BeAlRh2,True
mp-11276,BeRh,True
mp-864894,Be3Rh,True
mp-30821,LiAl2Rh,True
mp-862297,LiAlRh2,True
mp-1210753,Li2Al,True
mp-16506,Li3Al2,True
mp-10890,LiAl3,True
mp-1067,LiAl,True
mp-862338,Sc2CuRu,True
mp-12593,ScIr3,True
mp-1186350,NiIr3,True
mp-1129,ScIr,True
mp-1197416,Sc2Ni7,True
mp-850,ScNi2,True
mp-867501,Sc2Ni,True
mp-11521,ScNi,True
mp-12304,Sc11Ir4,True
mp-862360,Sc2NiIr,True
mp-1200708,Sc44Ir7,True
mp-862367,Sc2NiRu,True
mp-867262,ScTc3,True
mp-862376,Sc2CuTc,True
mp-861889,Sc3Tc,True
mp-862622,BeRu2W,True
mp-862655,Ru3W,True
mp-11282,Be2W,True
mp-30443,Be17Ru3,True
mp-865562,Be3Ru,True
mp-1103315,Be2Ru,True
mp-568827,Be12W,True
mp-862661,LiEr2Ru,True
mp-568186,YRu2,True
mp-1207781,Y3Ru,True
mp-862673,LiY2Ru,True
mp-862685,LiAc2Ir,True
mp-862690,Ac,True
mp-862723,ScTc2Mo,True
mp-862725,ScTc2W,True
mp-862781,AlCrRu2,True
mp-861948,LiPm2Al,True
mp-862929,Li2PmAl,True
mp-862980,PmAl3,True
mp-1186496,Pm3Al,True
mp-1458,Nb3Ir,True
mp-265,TaIr3,True
mp-1359,NbIr,True
mp-1186231,NbIr3,True
mp-571499,TaIr,True
mp-864640,Ta2NbIr,True
mp-1187196,Ta3Ir,True
mp-864909,HfAlRu2,True
mp-417,MnRh,True
mp-864945,MnBe2Rh,True
mp-11270,MnBe2,True
mp-1104792,MnBe12,True
mp-864735,Mn3Ir,True
mp-865022,MnIr3,True
mp-864950,MnAlIr2,True
mp-2728,MnIr,True
mp-864951,MnAlOs2,True
mp-1186060,MnOs3,True
mp-864989,Mn2AlRe,True
mp-863709,Ir3Rh,True
mp-1358,DyIr2,True
mp-1223919,IrRh,True
mp-1184794,IrRh3,True
mp-864999,Dy2IrRh,True
mp-1200226,Dy5Ir3,True
mp-1105615,Dy3Ir,True
mp-1214063,Ca5Rh,True
mp-571262,CaRh2,True
mp-865002,CaYRh2,True
mp-1198715,Er3Rh2,True
mp-2381,ErRh,True
mp-30612,Er7Rh3,True
mp-11437,Er3Rh,True
mp-1762,ErRh2,True
mp-865169,CaErRh2,True
mp-865220,Dy2CuRu,True
mp-865270,TmTaOs2,True
mp-865278,NbAlOs2,True
mp-865280,NbAlFe2,True
mp-1192350,NbFe2,True
mp-1221111,NbFe,True
mp-865283,Tm2AlOs,True
mp-1207816,Tm3(Al3Os)4,True
mp-865306,Tm2CuOs,True
mp-865308,Be2CuRh,True
mp-2031,Be2Cu,True
mp-1227357,Be3Cu,True
mp-974358,Ir3Ru,True
mp-862620,IrRu3,True
mp-865321,Lu2IrRu,True
mp-865335,Lu2NiRu,True
mp-865383,Tm2OsRu,True
mp-1220023,OsRu,True
mp-865436,Gd2IrRh,True
mp-1742,GdRh,True
mp-20084,GdRh2,True
mp-1191219,GdRh3,True
mp-567590,LuOs2,True
mp-865463,Lu2AlOs,True
mp-1192563,Lu(Al5Os)2,True
mp-865485,V2CrOs,True
mp-866121,V3Os,True
mp-1187696,VCr3,True
mp-1187695,V3Cr,True
mp-1216394,VCr,True
mp-2540,VTc,True
mp-865495,V2CrTc,True
mp-865385,V3Re,True
mp-865497,V2ReOs,True
mp-865499,V2TcOs,True
mp-1949,TiMn2,True
mp-865531,TiMn2Al,True
mp-1202079,Ti21Mn25,True
mp-865568,ThScTc2,True
mp-1102354,ThTc2,True
mp-865588,Y2CuRu,True
mp-592,TiRu,True
mp-865650,Ti2TcRu,True
mp-865655,TiNbTc2,True
mp-865810,TiTc2W,True
mp-862770,Tc3Ir,True
mp-1217409,TcIr,True
mp-865840,Ti2TcIr,True
mp-867345,TcIr3,True
mp-865842,Ti2OsRu,True
mp-865870,LiZr2Os,True
mp-865889,YbBe13,True
mp-866127,LuTaOs2,True
mp-2749,TiBe2,True
mp-1018124,Ti2Rh,True
mp-1201649,Ti2Be17,True
mp-1104067,TiBe12,True
mp-1152,TiRh3,True
mp-866143,TiBeRh2,True
mp-17413,Ti3Rh5,True
mp-2583,TiRh,True
mp-1217136,Ti8Al15Rh7,True
mp-866153,TiAlRh2,True
mp-866216,CaDyRh2,True
mp-866283,CaHoRh2,True
mp-11281,Be2V,True
mp-866288,BeVCo2,True
mp-571438,Be12V,True
mp-867114,TaBeRu2,True
mp-867816,TaRu3,True
mp-1601,TaRu,True
mp-1102049,TaBe3,True
mp-1189402,Ta2Be17,True
mp-1078957,Ta3Be2,True
mp-1218044,Ta3Ru2,True
mp-977390,Ta3Ru,True
mp-567842,TaBe12,True
mp-11278,Ta2Be,True
mp-865382,V3Ru,True
mp-867137,ScVRu2,True
mp-1395,VRu,True
mp-971788,VRu3,True
mp-867216,TaFeRu2,True
mp-867220,LiTm2Ir,True
mp-867265,LiTm2Os,True
mp-867283,Ho2CuRu,True
mp-1971,HoCu,True
mp-30585,HoCu5,True
mp-30584,HoCu2,True
mp-867897,ScTaRu2,True
mp-867913,LiHo2Ir,True
mp-867919,ErNbRu2,True
mp-9312,PrNiC2,True
mp-972327,Zr2CoOs,True
mp-972649,SmHoRu2,True
mp-1102438,SmRu2,True
mp-1104159,Sm5Ru2,True
mp-1188125,Sm3Ru,True
mp-973101,LaHoRu2,True
mp-1202486,La7Ru3,True
mp-1104417,La5Ru2,True
mp-973114,HoLuRu2,True
mp-973631,Lu2AlRu,True
mp-973809,NdBe13,True
mp-976039,LuBe13,True
mp-1211263,La(Al5Fe)2,True
mp-977054,La(Al2Fe)4,True
mp-1211603,La6Al5Fe9,True
mp-977391,LiNd2Os,True
mp-977425,Ta2CrRu,True
mp-2385,TaCr2,True
mp-977534,ZrNbTc2,True
mp-1095545,ZrTc2,True
mp-977549,Zr2OsRu,True
mp-977561,LiTaIr2,True
mp-977563,LiNbIr2,True
mp-978850,Sm2ReC2,True
mp-1102035,SmRe2,True
mp-1105609,Tb3Rh,True
mp-11564,TmRh,True
mp-30865,TmRh2,True
mp-1310,TbRh2,True
mp-1106174,Tb7Rh3,True
mp-1202922,Tb3Rh2,True
mp-978908,TbTmRh2,True
mp-11561,TbRh,True
mp-978910,TbYRh2,True
mp-979426,YHoRu2,True
mp-1220316,NbW,True
mp-982725,Nb2RuW,True
mp-983312,TmLuRu2,True
mp-10884,AlFeCo2,True
mp-998980,TiAlFeCo,True
mp-601820,Fe3Co,True
mp-5407,TiAlCo2,True
mp-601842,Fe9Co7,True
mp-601848,Fe11Co5,True
mp-2090,FeCo,True
mp-31187,TiAlFe2,True
mp-1217391,Ti13Al9Co8,True
mp-862691,Al2FeCo,True
mp-1018146,GdCoC2,True
mp-1225806,Gd4Co3,True
mp-1077071,GdCo5,True
mp-20345,GdCoC,True
mp-1018176,GdFeC2,True
mp-1181137,GdFe5,True
mp-1191346,Gd2Fe17C3,True
mp-1025266,Tb2Cr2C3,True
mp-1025326,Tb2Mo2C3,True
mp-1066566,YNiC2,True
mp-1191870,Y4Ni13C4,True
mp-1067743,YbCoC2,True
mp-1263,URu3,True
mp-1069160,U2RuC2,True
mp-567089,YbRh,True
mp-2235,YbRh2,True
mp-10716,YbRh3C,True
mp-1193845,Ho6Al7Cu16,True
mp-1104954,Ho(Al2Cu)4,True
mp-1078489,HoAlCu,True
mp-312,ThIr5,True
mp-1187,ThIr2,True
mp-12774,ThIr,True
mp-1079846,ThAlIr,True
mp-571094,Th7Ir3,True
mp-1079890,Al2CuIr,True
mp-1223820,Hf2Al3Cu,True
mp-10887,HfAlCu2,True
mp-10894,MnAlRh2,True
mp-864984,MnV3,True
mp-10895,Mn2AlV,True
mp-316,MnV,True
mp-1193693,Er6Al7Cu16,True
mp-1104269,Er(Al2Cu)4,True
mp-30579,ErCu5,True
mp-1024991,ErCu2,True
mp-1078592,ErAlCu,True
mp-1955,ErCu,True
mp-1104923,Eu(Al2Cu)4,True
mp-1025136,EuAl3Cu2,True
mp-1087547,EuCu,True
mp-2066,EuCu5,True
mp-1071732,EuCu2,True
mp-11512,LiAl2Ir,True
mp-11537,NbAlRu2,True
mp-1181041,HoWC2,True
mp-1183039,ZrTaTc2,True
mp-1183114,AcCu3,True
mp-1183120,Ac2CuRu,True
mp-1183416,BeCrFe2,True
mp-30438,Be2Cr,True
mp-1183546,CaTbRh2,True
mp-1183601,CaGdRh2,True
mp-1183783,DyErRu2,True
mp-1184363,ErLuRu2,True
mp-1184485,GdLuIr2,True
mp-1224476,Ho3(NiRu2)2,True
mp-1184689,Ho2NiRu,True
mp-573601,Th7Ru3,True
mp-12775,ThRu,True
mp-1184846,HoThRu2,True
mp-1185004,LaPmIr2,True
mp-1185392,LiGd2Al,True
mp-1185511,LuHfCo2,True
mp-1220327,NbMo,True
mp-1186205,Nb2MoOs,True
mp-1205407,Sm3Rh,True
mp-17391,Sm3Rh2,True
mp-1191108,SmRh3,True
mp-840,SmRh2,True
mp-1186652,PmSmRh2,True
mp-436,SmRh,True
mp-1196525,Sm5Rh4,True
mp-11481,MoIr,True
mp-1186766,Ta2MoIr,True
mp-11482,MoIr3,True
mp-1187200,Ta2TcRu,True
mp-1101970,TbRu2,True
mp-1187274,Tb2RuRh,True
mp-1189033,Tb3Ru,True
mp-1187337,TbErRh2,True
mp-1187422,Ti2CoOs,True
mp-1187470,TiCrTc2,True
mp-568636,TiCr2,True
mp-1187586,Tm2AlRu,True
mp-1186374,Os3W,True
mp-1187694,V2OsW,True
mp-1187859,YHoRh2,True
mp-1187984,Zr2FeTc,True
mp-1438,ZrIr3,True
mp-568992,ZrIr,True
mp-1188001,Zr2TcIr,True
mp-30749,Zr5Ir3,True
mp-30748,Zr3Ir,True
mp-1188004,Zr2TcRh,True
mp-867352,TcRh3,True
mp-229,ZrRh3,True
mp-861626,Tc3Rh,True
mp-2626,Zr3Rh5,True
mp-669917,ZrRh,True
mp-571664,Zr2Rh,True
mp-1188413,Zr3Rh,True
mp-867357,Tc3Ni,True
mp-1188020,Zr2TcNi,True
mp-2116,ZrMn2,True
mp-1188022,ZrMnRh2,True
mp-1192913,Gd(Al5Ru)2,True
mp-1192935,PuCu6,True
mp-1025032,PuCu2,True
mp-1193251,LaBe13,True
mp-1192952,LaBeCu12,True
mp-28826,Gd3(MnC3)2,True
mp-1193010,Gd2Mn17C3,True
mp-1193200,Zr6Al7Cu16,True
mp-193,Zr2Cu,True
mp-1216441,Zr14Cu51,True
mp-1188077,Zr7Cu10,True
mp-1193334,Hf9CoRe4,True
mp-1203605,Hf21Re25,True
mp-864877,Hf2CoRe,True
mp-1689,HfRe2,True
mp-567490,Hf5Re24,True
mp-1193534,YBe13,True
mp-567612,ScOs2,True
mp-1194206,Sc6Al16Os7,True
mp-12305,Sc11Os4,True
mp-568623,Sc44Os7,True
mp-862486,Sc2AlOs,True
mp-1194291,GdBe13,True
mp-1197169,Lu6Al43W4,True
mp-1198347,Tb6Al43Cr4,True
mp-1208616,Tb6Al39Cr8,True
mp-1198824,Er10Mn13C18,True
mp-22482,ErMn12,True
mp-1201364,U6Al43Cr4,True
mp-1199103,U(Al10Cr)2,True
mp-1200087,La(TiAl10)2,True
mp-1200512,Er6Al43W4,True
mp-12039,Gd2Mo2C3,True
mp-1204728,Tm10Mn13C18,True
mp-1192498,Tm6Mn23,True
mp-980811,TmMn12,True
mp-16932,Th2Co17,True
mp-30564,ThCo,True
mp-1206017,ThAlCo,True
mp-30565,Th7Co3,True
mp-1188757,Y3Os,True
mp-1207742,Y2OsC2,True
mp-570670,YOs2,True
mp-1207747,Yb6Al43V4,True
mp-1207857,Y6Ta4Al43,True
mp-1207858,Y6Ti4Al43,True
mp-567695,UMn2,True
mp-1207882,UMnC2,True
mp-1207988,Tm2(Al3Ir)3,True
mp-1208007,Tm(Al5Fe)2,True
mp-1216757,Tm(AlFe)6,True
mp-1216685,TmAl7Fe5,True
mp-571183,TmFe2,True
mp-1208191,Tm6Ti4Al43,True
mp-1208343,Ta6Be15Ni8,True
mp-1195573,Tb3(Al3Ru)4,True
mp-1208361,Tb(Al5Ru)2,True
mp-1208500,Tb6Ta4Al43,True
mp-1208501,Tb6Ti4Al43,True
mp-1208556,Tb6Al43V4,True
mp-1208781,Sm11(Fe2C3)6,True
mp-1195763,Sm(Al10V)2,True
mp-1208892,Sm6Al43V4,True
mp-1208914,Sm3(Al3Ru)4,True
mp-1208900,Sm(Al5Ru)2,True
mp-946,PrIr2,True
mp-1209795,Pr2(Al3Ir)3,True
mp-1205021,Pr5Ir3,True
mp-1104160,Pr5Ir2,True
mp-1106395,Pr3Ir,True
mp-2290,NdRh2,True
mp-999335,NdRh,True
mp-1209920,Nd2(Al3Rh)3,True
mp-1209843,NdAlRh,True
mp-1104743,Nd3Rh2,True
mp-864699,NdRh3,True
mp-1201296,Nd5Rh4,True
mp-1220520,Nd4Rh,True
mp-1102217,NdRu2,True
mp-1103979,Nd5Ru2,True
mp-1209944,Nd3(Al3Ru)4,True
mp-1209876,Nd(Al5Ru)2,True
mp-1106300,Nd3Ru,True
mp-1209904,Nd(Al5Fe)2,True
mp-1210082,Nd6Al5Fe9,True
mp-1210168,Nd12(MnC3)5,True
mp-1800,Nd2C3,True
mp-1210290,Nd6Ta4Al43,True
mp-1210911,Lu2(Al3Ir)3,True
mp-1212153,La12(ReC3)5,True
mp-1101953,HoOs2,True
mp-1190011,Ho3Os,True
mp-1212256,Ho3(Al3Os)4,True
mp-1212705,GdAlRh,True
mp-1213364,Gd2(Al3Rh)3,True
mp-1212845,Er(Al5Fe)2,True
mp-1225092,Er(AlFe)6,True
mp-3633,Er(Al2Fe)4,True
mp-569783,ErFe3,True
mp-1225058,Er2AlFe3,True
mp-1212920,Er3(Al3Os)4,True
mp-1213073,Dy2(Al3Ir)3,True
mp-1102210,DyRe2,True
mp-1213146,Dy(Al5Re)2,True
mp-1102508,DyOs2,True
mp-1189887,Dy3Os,True
mp-1213200,Dy3(Al3Os)4,True
mp-1213242,Dy6Al43V4,True
mp-1518,CeRh3,True
mp-3344,CeAlRh,True
mp-1018117,CeRh,True
mp-951,CeRh2,True
mp-1213916,Ce2(Al3Rh)3,True
mp-1190736,Ca8Al3,True
mp-2404,CaAl2,True
mp-1214183,Ca6Al43W4,True
mp-1215420,Zr3TaFe8,True
mp-1215883,YbPr3Co34,True
mp-1294,YCo2,True
mp-1215908,YHoCo4,True
mp-865373,YCo,True
mp-1105598,Y3Co,True
mp-1216627,UTaC2,True
mp-1150,URh3,True
mp-1216633,URu2Rh,True
mp-1216666,TiNbCr4,True
mp-548,NbCr2,True
mp-2760,Nb6C5,True
mp-1216707,TiNbC2,True
mp-631,TiC,True
mp-10721,Ti2C,True
mp-27919,Ti8C5,True
mp-996162,Nb2AlC,True
mp-1216715,TiNb3(AlC)2,True
mp-569989,Nb2C,True
mp-1217102,Ti3Nb(AlC)2,True
mp-3747,Ti3AlC2,True
mp-1079706,Ti5Al2C3,True
mp-1217093,Ti2NbAl,True
mp-1190604,Nb3Al2C,True
mp-996161,Nb3AlC2,True
mp-3271,Ti3AlC,True
mp-12990,Ti2AlC,True
mp-1208228,Ti3NbAl2,True
mp-1217298,Th5C,True
mp-1217395,Th4C3,True
mp-7224,ThC2,True
mp-1217323,ThUC2,True
mp-1164,ThC,True
mp-1188514,Th2C3,True
mp-1217454,Th2Mn17C2,True
mp-1217572,TbDy3Al8,True
mp-1217691,Tb3DyAl8,True
mp-1188994,Tb3Co,True
mp-30967,Tb12Co7,True
mp-1217693,Tb2Co3Ni,True
mp-2265,TbCo2,True
mp-1193564,Tb(Al5Fe)2,True
mp-1217840,Tb(AlFe)6,True
mp-3546,Tb(Al2Fe)4,True
mp-2584,TbFe3,True
mp-1217904,TaTiC2,True
mp-1217909,TaTiAlC,True
mp-1217891,TaTiAl6,True
mp-1218998,SmYNi2,True
mp-1219047,SmYCo17,True
mp-1219005,SmYCo4,True
mp-1219685,PuUC2,True
mp-19891,Pu2C3,True
mp-1219701,PuUC3,True
mp-1220426,NbNi6Mo,True
mp-1220700,Nb2Al3Ir,True
mp-1221662,MnAl2Cr3,True
mp-864988,Mn2AlCr,True
mp-1221714,MnAl24Cr,True
mp-1223910,HoCoNi,True
mp-1224240,HfUC2,True
mp-1224402,HfAlMo,True
mp-1225544,ErCoRu,True
mp-12083,CrIr3,True
mp-1226352,Cr2Ir2C,True
mp-1228374,Al5FeNi,True
mp-1228910,Al2FeNi,True
mp-1232423,Zr2CuTc,True
mp-12615,TbBe13,True
mp-1194423,Zr6Al16Co7,True
mp-3909,ZrAlCo2,True
mp-12760,Zr6Al2Co,True
mp-13432,Tb2AlCo2,True
mp-571542,CeAlCo,True
mp-13504,CeAl4Co,True
mp-1562,ThBe13,True
mp-15813,Mn3W3C,True
mp-16497,ScAlCu2,True
mp-1219105,SmAl3Cu,True
mp-227,SmCu5,True
mp-979972,SmAlCu,True
mp-980769,SmCu,True
mp-1077154,SmCu2,True
mp-16498,Sm(Al2Cu)4,True
mp-17188,U(Al10V)2,True
mp-3847,DyCoC2,True
mp-2551,DyCo5,True
mp-20350,DyCoC,True
mp-2628,DyCo2,True
mp-573622,Dy12Co7,True
mp-646392,Dy3Co,True
mp-9241,HoCoC2,True
mp-20906,HoCoC,True
mp-21003,Y2ReC2,True
mp-570923,YRe2,True
mp-22120,YRh3C,True
mp-567950,U11Ni16,True
mp-2838,UNi5,True
mp-1197004,Tb10Mn13C18,True
mp-28827,Tb3(MnC3)2,True
mp-607,CeRu2,True
mp-604008,CeAlRu,True
mp-1078316,Ce2AlRu2,True
mp-570629,Ce4Ru3,True
mp-865967,Ce5Al2Ru3,True
mp-31364,Ce(Al5Ru)2,True
mp-567554,Ce2(Al5Ru)3,True
mp-570369,Ce16Ru9,True
mp-31079,Ce3(Al3Ru)4,True
mp-31185,MnAlFe2,True
mp-31189,DyBe13,True
mp-31225,Pr2Mo2C3,True
mp-31258,Pr2MoC2,True
mp-318,SrIr2,True
mp-1187073,Sr,True
mp-4248,YCoC2,True
mp-21422,YCoC,True
mp-1104050,Y(AlC)3,True
mp-4448,Y3AlC,True
mp-1103810,Y3AlC3,True
mp-4593,Mn3AlC,True
mp-11351,CeAlNi,True
mp-20338,CeAl3Ni2,True
mp-1226626,CeAlNi4,True
mp-21188,CeNi,True
mp-1910,CeNi5,True
mp-1654,CeNi2,True
mp-582245,Ce4Al23Ni6,True
mp-4817,CeAl5Ni2,True
mp-1204381,Ce2Ni7,True
mp-580354,CeNi3,True
mp-1229288,Ce15Ni32,True
mp-30750,CeAl4Ni,True
mp-5051,Ho2Mo2C3,True
mp-1213056,Dy(Al5Fe)2,True
mp-5091,Dy(Al2Fe)4,True
mp-1225357,DyAl7Fe5,True
mp-567849,Er2Al3Co,True
mp-1104636,Er(AlC)3,True
mp-568021,Er3AlC,True
mp-568685,TmAlRh,True
mp-1208005,Tm2(Al3Rh)3,True
mp-569275,Nd2WC2,True
mp-11275,Be2Re,True
mp-569364,Be22Re,True
mp-15123,Th(AlC)4,True
mp-569564,Th2Al2C3,True
mp-623827,EuRh2,True
mp-1189512,Eu3Rh,True
mp-636403,PuNi3,True
mp-21315,PuNi5,True
mp-2157,Co3W,True
mp-640163,Co2W4C,True
mp-1184336,FeIr3,True
mp-861672,Ti2FeIr,True
mp-861951,LiTaRh2,True
mp-1103212,TaRh2,True
mp-1020,TaRh3,True
mp-861958,Ti2MnBe,True
mp-2126,HfIr3,True
mp-1186902,Re3Ir,True
mp-1219533,ReIr,True
mp-867792,ReIr3,True
mp-1007786,HfIr,True
mp-861978,Hf2ReIr,True
mp-1212499,Hf5Ir3,True
mp-862361,Sc2NiOs,True
mp-862369,Sc2IrRu,True
mp-1209089,Sc2(Al3Co)3,True
mp-862602,ScAlCo2,True
mp-862610,LiHfIr2,True
mp-862612,ScPaTc2,True
mp-862615,Er2NiRu,True
mp-862632,LiCa2Al,True
mp-570466,Li2Ca,True
mp-862684,LiHf2Os,True
mp-862700,AlVOs2,True
mp-862841,LiPm2Os,True
mp-862849,Ac2NiIr,True
mp-862852,PaNi3,True
mp-865733,CoTc3,True
mp-862911,Ti2CoTc,True
mp-863666,Er2RuRh,True
mp-863677,PmCu3,True
mp-863671,Pm2CuRu,True
mp-863679,ErTaRu2,True
mp-863713,Pm2NiIr,True
mp-863718,PmNi3,True
mp-863714,Pm2NiRh,True
mp-863722,Pm2IrRh,True
mp-863728,Ho4Ni13C4,True
mp-5154,HoNiC2,True
mp-1545,Nb3Rh,True
mp-864631,LiNbRh2,True
mp-1963,NbRh,True
mp-1191559,NbRh3,True
mp-864650,Ta2OsW,True
mp-864651,Ta2NbRu,True
mp-864763,LiYb2Rh,True
mp-864764,Ta2FeOs,True
mp-864770,Ta2MoOs,True
mp-864890,Hf2FeIr,True
mp-864896,Zr2CoTc,True
mp-864897,Zr2CuOs,True
mp-864953,MnV2Cr,True
mp-864979,Gd2ReC2,True
mp-1027,HfRh3,True
mp-1190626,Hf2Rh,True
mp-17045,Hf3Rh5,True
mp-865131,Hf2OsRh,True
mp-11457,HfRh,True
mp-865151,YbNdRh2,True
mp-865172,YbTaRu2,True
mp-865178,Hf2IrRh,True
mp-865241,TmNbOs2,True
mp-865248,TmNbRu2,True
mp-865255,LuNbRu2,True
mp-865258,TbYbRh2,True
mp-865262,TmTaRu2,True
mp-865319,Tm2CuRu,True
mp-865375,Tm2OsRh,True
mp-865469,Ti2MnRu,True
mp-865490,V2CrFe,True
mp-865501,V2TcRu,True
mp-865519,YTaRu2,True
mp-865536,YbZrRh2,True
mp-865653,TiNbRe2,True
mp-865656,TiMn2W,True
mp-865664,TiRe2W,True
mp-865678,TiMn2V,True
mp-1217201,Ti4Mn5V3,True
mp-865759,YbHfRh2,True
mp-865768,Ti2MnOs,True
mp-1584,YbIr2,True
mp-1189800,Yb5Ir3,True
mp-865785,YbHfIr2,True
mp-865788,TmPaTc2,True
mp-1102890,TmTc2,True
mp-865828,YbPaRu2,True
mp-865829,Lu2CuIr,True
mp-865854,Yb2CuRh,True
mp-865857,YbNbRu2,True
mp-865868,LiZrRh2,True
mp-11029,Y(Al2Cu)4,True
mp-1216210,Y(AlCu)6,True
mp-865990,Y3Al7Cu2,True
mp-1216017,YAl7Cu5,True
mp-1079361,YAlCu,True
mp-866026,ErNbOs2,True
mp-866085,Tm2IrRh,True
mp-866112,HoNbRu2,True
mp-866122,Tm2RuRh,True
mp-866126,DyNbRu2,True
mp-862714,Be3Ir,True
mp-866139,TiBe2Ir,True
mp-866154,TiBeIr2,True
mp-866155,TiAlRu2,True
mp-866213,TiTc2Mo,True
mp-865523,TiMnRh2,True
mp-866218,Ti2MnRh,True
mp-867111,LiDy2Ru,True
mp-867146,ScNbRu2,True
mp-867274,Be2CoIr,True
mp-1199166,Be17Os3,True
mp-867275,BeVOs2,True
mp-867279,DyPaRu2,True
mp-867326,Al2RuRh,True
mp-867761,Sc2CoRu,True
mp-867771,TaCuRh2,True
mp-867794,Sc2CuIr,True
mp-867858,ScUTc2,True
mp-8761,NdCoC2,True
mp-1106011,Nd3Co,True
mp-1104652,Nd5Co2,True
mp-356,Nd2Co17,True
mp-1084826,Nd2Co3,True
mp-972049,Tb(AlC)3,True
mp-570822,Tb3AlC,True
mp-972205,V2MoOs,True
mp-972209,Ta2TcW,True
mp-972412,TmLuIr2,True
mp-11277,ScBe5,True
mp-972891,ScBe13,True
mp-30811,Ni4W,True
mp-974038,Ni2W4C,True
mp-1194082,Ni6W6C,True
mp-974943,HfZrTc2,True
mp-977552,Be3Tc,True
mp-978662,Sc6Al16Ir7,True
mp-861507,ScAlIr2,True
mp-983358,HfAlFe2,True
mp-983362,Hf2FeTc,True
mp-983429,PmDyRu2,True
mp-984549,PmDyRh2,True
mp-985704,Ce2ReC2,True
mp-9956,AlCr2C,True
mp-9977,Er2FeC4,True
mp-1018064,ErFeC2,True
mp-1191671,Er2Fe17C3,True
mp-999122,TbFeC2,True
mp-1191539,Tb2Fe17C3,True
mp-1203980,Lu11(Ni10C)6,True
mp-865141,Lu4Ni13C4,True
mp-1001603,LuNiC2,True
mp-1207163,Lu4Ni2C5,True
mp-1001614,LuCoC2,True
mp-22714,LuCoC,True
mp-1018052,HoFeC2,True
mp-1190608,Ho2Fe17C3,True
mp-1025137,NpNi5,True
mp-1025323,Dy2Cr2C3,True
mp-1069004,U2OsC2,True
mp-1085,UOs2,True
mp-10706,ZrRu3C,True
mp-1780,ScRh,True
mp-10712,ScRh3C,True
mp-635,ScRh3,True
mp-30863,Sc57Rh13,True
mp-1078190,Er2Cr2C3,True
mp-1078248,Gd2Cr2C3,True
mp-1078581,ThAlNi,True
mp-867004,Th2Ni7,True
mp-30182,ThAl3Ni2,True
mp-1567,ThNi5,True
mp-30809,Th7Ni3,True
mp-623836,ThNi,True
mp-220,ThNi2,True
mp-12174,HfNi3,True
mp-1078767,HfAlNi,True
mp-5748,HfAlNi2,True
mp-1018056,HfNi,True
mp-1079121,SmCoC2,True
mp-1080107,UCo,True
mp-1383,UCo2,True
mp-1079701,UCoC2,True
mp-1069375,NdAl3Cu,True
mp-974729,Nd(Al2Cu)4,True
mp-973410,NdAl2Cu9,True
mp-1080560,NdAlCu,True
mp-10877,Ca(Al2Cu)4,True
mp-10876,Ca3Al7Cu2,True
mp-1882,CaCu5,True
mp-585949,CaCu,True
mp-12614,Ca2Cu,True
mp-10896,Y(MnAl2)4,True
mp-12781,ScAl2Ni,True
mp-10898,ScAlNi2,True
mp-1102307,Zr2V3Ru,True
mp-1178946,TmWC2,True
mp-1183093,Ac2IrRh,True
mp-1183786,DyHoRu2,True
mp-1183794,DyErRh2,True
mp-1184158,DyTmRh2,True
mp-1184223,ErScRu2,True
mp-1184242,ErTmRu2,True
mp-1184323,ErPaOs2,True
mp-1184387,Gd2RuRh,True
mp-1184499,GdErIr2,True
mp-1184518,GdDyIr2,True
mp-1184586,Hf2CoOs,True
mp-1184604,Hf2OsRu,True
mp-1184678,Hf2FeRh,True
mp-1184732,GdYIr2,True
mp-1184790,GdErRu2,True
mp-1184822,HoZrRu2,True
mp-1184843,HoPaTc2,True
mp-1101968,HoTc2,True
mp-1184890,HoPaRu2,True
mp-1184891,HoLuCu2,True
mp-1185329,LiAcRh2,True
mp-623108,Eu4Ir,True
mp-1185339,LiEu2Ir,True
mp-1185505,LuMnRh2,True
mp-377,LuRh,True
mp-865778,Lu5Rh3,True
mp-1728,LuRh2,True
mp-1193176,Lu6Mn23,True
mp-865802,LuRh3,True
mp-1186207,Nb2ReRu,True
mp-974455,Re3Ru,True
mp-862630,ReRu3,True
mp-1186208,Nb2ReTc,True
mp-974492,ReTc3,True
mp-1186915,ReTc,True
mp-1186456,Pm2CoNi,True
mp-1186628,PmPrIr2,True
mp-7342,Sm3Ir,True
mp-1186644,PmSmIr2,True
mp-1199558,Sm5Ir3,True
mp-1104500,Sm5Ir2,True
mp-1187208,Ta2ReW,True
mp-1187211,Ta2RuW,True
mp-1187335,TbDyRh2,True
mp-1187376,TbSmRh2,True
mp-1187622,YbCeRh2,True
mp-1188002,Zr2TcOs,True
mp-1188003,Zr2TcRu,True
mp-1188014,ZrScRu2,True
mp-1188135,Dy2ReC2,True
mp-1189984,YMoC2,True
mp-4587,DyNiC2,True
mp-1190673,Dy4Ni13C4,True
mp-1400,HfW2,True
mp-1192784,Hf9CoW4,True
mp-1193847,Hf6Al16Co7,True
mp-5221,HfAlCo2,True
mp-1193889,HoBe13,True
mp-1194154,Sc6Al16Rh7,True
mp-867922,ScAlRh2,True
mp-1195540,Dy3(Al3Ru)4,True
mp-1197793,Tm6Al43Cr4,True
mp-864686,Nd2ReC2,True
mp-1199583,Nd12(ReC3)5,True
mp-1200455,Dy6Al43W4,True
mp-1202016,Tm6Al43W4,True
mp-1202283,U6Al43Mo4,True
mp-1204202,Ho6Al43W4,True
mp-1206773,TmRu3C,True
mp-1207093,LuRu3C,True
mp-1207644,Yb2ReC2,True
mp-1207707,Y2(Al3Ir)3,True
mp-1208184,Tm6Nb4Al43,True
mp-1208288,U6Ta4Al43,True
mp-1209798,Pr(Al5Fe)2,True
mp-976187,Pr(Al2Fe)4,True
mp-1219887,Pr(AlFe)6,True
mp-1209971,Pr12(OsC3)5,True
mp-1210336,Nd6Nb4Al43,True
mp-1210363,Nd6Al43V4,True
mp-1210912,Lu2(Al3Rh)3,True
mp-1210971,Lu6Nb4Al43,True
mp-1211269,La(Al5Ru)2,True
mp-1211408,Lu(Al5Re)2,True
mp-1211312,La2(Al3Rh)3,True
mp-1211543,LaAlRh,True
mp-1212357,Ho2(Al3Ir)3,True
mp-1212360,Ho6Ti4Al43,True
mp-1212450,Hf6Be15Ni8,True
mp-1212861,Er2(Al3Rh)3,True
mp-1213205,Dy11(Mn2C3)6,True
mp-20656,DyMn12,True
mp-543017,Dy12(MnC3)5,True
mp-1213257,Dy6Nb4Al43,True
mp-1213274,Dy6Ta4Al43,True
mp-1214887,Al7Cu2Rh,True
mp-1215219,ZrTaC2,True
mp-1215478,Zr2VCo3,True
mp-1215600,Zr2CoNi,True
mp-1215820,YUCo10,True
mp-1216328,UAl7Fe5,True
mp-1216881,U(Al3Fe)3,True
mp-20548,U(Al5Fe)2,True
mp-865864,Tm(Al2Cu)4,True
mp-1216745,Tm(AlCu)6,True
mp-980195,Tm6Al7Cu16,True
mp-865402,TmAlCu,True
mp-1216946,TiMnCr,True
mp-1409,TiNi3,True
mp-742,Ti2Cu,True
mp-2078,TiCu,True
mp-1048,TiNi,True
mp-1216850,TiCuNi,True
mp-1188441,TiCu4,True
mp-1217065,Ti8Cu3Ni,True
mp-1808,Ti2Ni,True
mp-2643,Ti3Cu4,True
mp-12546,TiCu3,True
mp-1217893,TaNbAl6,True
mp-1219231,Sm2Fe4Co13,True
mp-1219352,Sm2Mn17C2,True
mp-7250,Nb6Co7,True
mp-1220522,NbVCo,True
mp-977426,NbCo3,True
mp-16490,Lu2Al3Co,True
mp-1222339,Lu2AlCo3,True
mp-570292,La7Os4C9,True
mp-1102043,LaOs2,True
mp-1223651,La20Os12C13,True
mp-1223765,HoCu4Ni,True
mp-1223925,HoFeRu,True
mp-1224334,HfNbC2,True
mp-1224435,Hf2V3Ru,True
mp-1224689,GdErCo4,True
mp-1225072,Er2CuNi,True
mp-1226639,CeDyFe4,True
mp-1227279,Be4AlNi,True
mp-12274,LaAl4Co,True
mp-1228540,Al2VNi9,True
mp-12782,YbAl2Ni,True
mp-18482,Yb4Al23Ni6,True
mp-13263,Ce2Mo2C3,True
mp-13431,Dy2AlCo2,True
mp-1109,Sr5Al9,True
mp-16491,SrAl9Co2,True
mp-2775,SrAl4,True
mp-16493,YAl2Co,True
mp-11486,Y2(Al3Co)3,True
mp-1845,CaBe13,True
mp-20182,GdRh3C,True
mp-22394,ThRu3C,True
mp-2868,Th11(Ru2C3)6,True
mp-2848,Pu5Ir3,True
mp-28742,Ca4Ni3C5,True
mp-2295,CaNi2,True
mp-774,CaNi5,True
mp-28930,KC8,True
mp-1184905,K,True
mp-2971,U(CrC)4,True
mp-30866,Rh3W,True
mp-3479,CaAl9Ni,True
mp-3776,Er2Mo2C3,True
mp-4771,TiAlCu2,True
mp-608543,Sc2CrC3,True
mp-4992,ScCrC2,True
mp-504740,Eu(Al4Fe)2,True
mp-569200,Eu(Al2Fe)4,True
mp-681150,Pu5Rh3,True
mp-510492,PuRh3C,True
mp-1678,PuRh3,True
mp-582996,Pr2Al19Co6,True
mp-975726,PrAl4Co,True
mp-567156,Pr(Al4Co)2,True
mp-567341,PrCoC2,True
mp-567580,PaC,True
mp-568727,ErRh3C,True
mp-7085,Tm2FeC4,True
mp-570414,Tm2Fe14C,True
mp-1191478,Tm2Fe17C3,True
mp-603912,Nd2MoC2,True
mp-624243,Fe6W6C,True
mp-641573,Cr21(MoC3)2,True
mp-7810,UVC2,True
mp-861627,Ti2AlMo,True
mp-861656,Ti2CrIr,True
mp-861875,LiHf2Re,True
mp-861915,LiDy2Ir,True
mp-861956,LiPm2Ir,True
mp-862318,LiAl2Ni,True
mp-867812,LiAlNi2,True
mp-862377,LiBe2Ir,True
mp-862446,TaAlRu2,True
mp-862543,Sc2AlTc,True
mp-862554,LiEr2Ir,True
mp-862694,Al2IrRh,True
mp-862695,Al2CoRu,True
mp-862699,ScTaOs2,True
mp-862765,LiGd2Ir,True
mp-862777,TmPaRu2,True
mp-863665,Pm2CuIr,True
mp-863670,Pm2CuRh,True
mp-865537,TiMnCo2,True
mp-1185970,Mn3Co,True
mp-863690,Ti2MnCo,True
mp-863727,LiTiRh2,True
mp-863740,Pm2IrRu,True
mp-863742,Pm2RuRh,True
mp-864625,Ho2IrRh,True
mp-983480,Hf6Al16Rh7,True
mp-864671,HfAlRh2,True
mp-864684,Hf2MoIr,True
mp-864916,Hf2TcRh,True
mp-864917,Dy2NiRu,True
mp-864955,Mn2CrCo,True
mp-864990,Mn2AlW,True
mp-865029,LiPaRu2,True
mp-865149,PaAlRu2,True
mp-862844,PaAl3,True
mp-862848,Pa3Al,True
mp-865163,HfBeRh2,True
mp-976128,Hf5Sc,True
mp-865165,HfScCo2,True
mp-865219,Dy2IrRu,True
mp-865222,Dy2RuRh,True
mp-865334,Lu2NiOs,True
mp-865367,Tm2NiRu,True
mp-865381,Tm2IrRu,True
mp-865410,LuThRu2,True
mp-865422,YbTmRh2,True
mp-865434,LuZrRu2,True
mp-865484,V2CrRe,True
mp-865569,Ti2MnIr,True
mp-865601,Lu2RuRh,True
mp-865717,Ti2ReIr,True
mp-862604,Re3Ni,True
mp-865728,Ti2ReNi,True
mp-865749,YbErRh2,True
mp-865751,YbDyRh2,True
mp-865783,YbHoRh2,True
mp-865795,LiSc2Ru,True
mp-865801,LuPaTc2,True
mp-1095487,LuTc2,True
mp-865830,Lu2CuOs,True
mp-865836,YbPaRh2,True
mp-30825,PaRh3,True
mp-865846,LuHfRu2,True
mp-865905,YbPmRh2,True
mp-865925,LiZrIr2,True
mp-867865,ReRh3,True
mp-1186923,Re3Rh,True
mp-865948,Ti2ReRh,True
mp-865989,Al2IrRu,True
mp-865993,YbSmRh2,True
mp-866001,AlVRu2,True
mp-866088,Hf2CoTc,True
mp-866152,TiBeCo2,True
mp-867110,Sc2CoOs,True
mp-867148,LiHfRh2,True
mp-867214,Er2IrRu,True
mp-867271,Be2CoNi,True
mp-867327,Hf2TcRu,True
mp-867776,LiDy2Os,True
mp-867811,TaMnRu2,True
mp-867899,Sm2IrRh,True
mp-867901,ScTaTc2,True
mp-971737,V2OsRu,True
mp-971754,V2ReW,True
mp-972204,V2MoRu,True
mp-975834,MoRu3,True
mp-972323,TaNbTc2,True
mp-972660,SmHoRh2,True
mp-973951,Lu2CuRh,True
mp-977353,Ta2ReMo,True
mp-12662,Re24Mo5,True
mp-977357,Ta2ReRu,True
mp-977405,LiLu2Rh,True
mp-977436,ZrAlRu2,True
mp-866136,Zr6Al16Ru7,True
mp-979259,V2ReMo,True
mp-979267,Ta2FeMo,True
mp-980059,TbPmRh2,True
mp-980206,TmScRu2,True
mp-980645,YErRh2,True
mp-569819,Th7Os3,True
mp-980647,TmThOs2,True
mp-1828,ThOs2,True
mp-981377,V2ReTc,True
mp-999144,SmNiC2,True
mp-1001606,LuFeC2,True
mp-1025402,SrCu,True
mp-2726,SrCu5,True
mp-1025464,Sc3NiC4,True
mp-1220177,NdAlNi4,True
mp-7186,NdAl3Ni2,True
mp-1206051,NdAl2Ni,True
mp-1069330,Nd2AlNi2,True
mp-1078757,NdAlNi,True
mp-1069790,U2RhC2,True
mp-1069825,PrAl3Cu,True
mp-1078692,PrAlCu,True
mp-1071904,PrCu2,True
mp-2462,PrCu5,True
mp-862763,Pr(Al2Cu)4,True
mp-1079091,PrCu,True
mp-10714,TmRh3C,True
mp-10911,Sc2Al3Ru,True
mp-1102233,TbTc2,True
mp-1103990,EuC6,True
mp-1188244,Lu2ReC2,True
mp-1104880,Lu5Re2C7,True
mp-1105554,Tm2ReC2,True
mp-1207951,Tm5Re2C7,True
mp-1183136,Al2OsRh,True
mp-1183419,Be2IrRu,True
mp-1183483,CaAcRh2,True
mp-1183732,CeTh3,True
mp-1183810,DyLuCu2,True
mp-1184074,DyTmRu2,True
mp-1184103,DyThRu2,True
mp-1184246,ErThRu2,True
mp-1184393,Gd2IrRu,True
mp-1184567,Hf2TcIr,True
mp-1184613,GdThRu2,True
mp-1184737,Ho2ReC2,True
mp-1184847,HoLuIr2,True
mp-510184,GdOs2,True
mp-1185354,LiGd2Os,True
mp-1185457,Lu2CoCu,True
mp-1107,Th7Rh3,True
mp-12755,ThRh,True
mp-1185462,LiThRh2,True
mp-2509,ThRh3,True
mp-568337,ThRh2,True
mp-1186378,NdGdIr2,True
mp-1186454,Pm2CuNi,True
mp-1186457,Pm2CoRu,True
mp-1186586,PmHoRu2,True
mp-1186592,PmHoRh2,True
mp-1186617,PmNdIr2,True
mp-1186772,Ta2CrRe,True
mp-1187042,SmYRh2,True
mp-1187213,Ta2ReOs,True
mp-1187418,Ti2AlW,True
mp-1187436,Ti2CuRe,True
mp-1187524,TbGdIr2,True
mp-1187538,YbPmCu2,True
mp-1188570,UTcC2,True
mp-1189574,YWC2,True
mp-1193529,PrBe13,True
mp-1193568,Zr6Al16Ir7,True
mp-1194657,Th(Al10V)2,True
mp-1195666,La(Al10V)2,True
mp-1198914,Dy6Al43Cr4,True
mp-1199361,Ho6Al43Cr4,True
mp-1204729,Yb6Al43W4,True
mp-1206327,Th2NiC2,True
mp-1206820,HoRu3C,True
mp-11283,ZrBe5,True
mp-30445,ZrBe13,True
mp-2544,Zr2Be17,True
mp-1207425,Zr6Be15Ni8,True
mp-1207613,Yb2(Al3Ir)3,True
mp-1207715,Yb(Al5Re)2,True
mp-1207966,U2(Al3Ir)3,True
mp-1044,UIr3,True
mp-1105762,UIr,True
mp-1208499,Tb6Nb4Al43,True
mp-1208630,SrC6,True
mp-1208905,Sm2(Al3Rh)3,True
mp-1209974,Pr12(MnC3)5,True
mp-1210969,Lu6Al43V4,True
mp-1211259,Lu6Ta4Al43,True
mp-1211304,Lu6Ti4Al43,True
mp-1212373,Ho2OsC2,True
mp-1212377,Ho6Ta4Al43,True
mp-1212405,Ho6Nb4Al43,True
mp-1212464,Hf6Al16Ir7,True
mp-1213047,Er(Al5Re)2,True
mp-1213167,Dy2OsC2,True
mp-1213416,Er6Ti4Al43,True
mp-1102302,CeOs2,True
mp-1213926,Ce3(Al3Os)4,True
mp-1214866,Al7Cu2Ru,True
mp-1215195,ZrUC2,True
mp-1215217,ZrNbCr4,True
mp-903,ZrCr2,True
mp-1215563,YbCu2Ni3,True
mp-1215627,Zr2VRe3,True
mp-12109,ZrRe2,True
mp-1374,Zr5Re24,True
mp-574458,Zr21Re25,True
mp-1215709,YZrFe4,True
mp-1216057,Y2NiRu3,True
mp-1216066,Y2CoRu3,True
mp-1217247,Ti4CoNi,True
mp-1217710,Tb2FeCo3,True
mp-1217902,TaNbMo,True
mp-1217923,TaNi6Mo,True
mp-1217983,TaCo6Mo,True
mp-1139,Co3Mo,True
mp-1217985,Ta2MnV3,True
mp-1219716,PrNd,True
mp-1220026,PrErCo17,True
mp-1220335,NbMoW,True
mp-1220374,NbVCr,True
mp-4922,MnAlNi2,True
mp-11501,MnNi3,True
mp-1221656,MnAl2Ni,True
mp-1223083,La3Nd3Al22,True
mp-1224937,GdYCo4,True
mp-1225366,Dy2FeCo3,True
mp-1225620,ErFeCo,True
mp-22311,EuNi5,True
mp-1225966,Eu2(CuNi)5,True
mp-1226355,Cr2Rh2C,True
mp-12585,CrRh3,True
mp-1226473,CeYFe4,True
mp-1226767,Ce2CoRu3,True
mp-1226785,Ce2NiRu3,True
mp-12896,NdAl4Co,True
mp-569832,Nd(Al4Co)2,True
mp-1328,SrRh2,True
mp-1569,Be2C,True
mp-1709,U2Ti,True
mp-17871,Ca(Al4Co)2,True
mp-20660,NpAl2,True
mp-2080,SrBe13,True
mp-28861,CsC8,True
mp-1184151,Cs,True
mp-3155,Sc3FeC4,True
mp-337,PuBe13,True
mp-3623,MnAlCo2,True
mp-3991,UMoC2,True
mp-1217044,TiAlNi6,True
mp-7187,TiAlNi2,True
mp-865235,Ti6Al16Ni7,True
mp-505538,Ti3Al2NiC,True
mp-5106,TbCoC2,True
mp-22158,TbCoC,True
mp-567387,Ce(TiAl10)2,True
mp-637222,Gd2AlCo2,True
mp-641575,Cr21(WC3)2,True
mp-6940,U2IrC2,True
mp-861640,Ti2AlRe,True
mp-861908,TaTiRu2,True
mp-861912,TaTiTc2,True
mp-861985,Er2IrRh,True
mp-862290,LiFeRh2,True
mp-862445,TaAlOs2,True
mp-862555,LiY2Al,True
mp-862558,LiEr2Os,True
mp-862609,ScReTc2,True
mp-862686,LiAc2Ru,True
mp-862719,LiY2Os,True
mp-862764,LiCa2Rh,True
mp-862831,PaTiTc2,True
mp-862885,CaPmRh2,True
mp-862887,LiSc2Os,True
mp-863668,Pm2CuOs,True
mp-863673,LiPm2Rh,True
mp-863717,Pm2NiRu,True
mp-864655,PaCo3,True
mp-864670,Ta2VOs,True
mp-864759,LiYb2Ir,True
mp-864782,Ta2MoRu,True
mp-864926,HfPaTc2,True
mp-864980,MnAlRu2,True
mp-864983,MnVRu2,True
mp-865001,HfScOs2,True
mp-865025,HfTaRe2,True
mp-865038,HfTaTc2,True
mp-865094,HfNbTc2,True
mp-865179,Hf2FeOs,True
mp-865209,TmHfOs2,True
mp-865275,TmZrOs2,True
mp-865303,Tm2CoOs,True
mp-865304,Tm2CoRu,True
mp-865325,Lu2CoRu,True
mp-865368,Tm2NiOs,True
mp-865429,YbYRh2,True
mp-865442,TiAlOs2,True
mp-865451,Tm2MnOs,True
mp-865461,LuZrCo2,True
mp-865529,Ti2NiIr,True
mp-865591,Ti2NiMo,True
mp-865595,Lu2CuRu,True
mp-865623,Lu2IrRh,True
mp-865639,LuPaRu2,True
mp-865649,Ti2TcRh,True
mp-865663,YbLuRh2,True
mp-865712,Ti2MnNi,True
mp-865764,YbGdRh2,True
mp-865845,Yb2CuIr,True
mp-865878,Ti2TcNi,True
mp-865893,LiZr2Tc,True
mp-865916,TiVRe2,True
mp-865994,YbScRh2,True
mp-866009,DyZrRu2,True
mp-866031,Al2FeIr,True
mp-866110,Ho2OsRu,True
mp-866111,Ho2IrRu,True
mp-866173,Y2RuRh,True
mp-867123,TaTiOs2,True
mp-867162,LiTm2Rh,True
mp-867215,Sc3OsC4,True
mp-867235,LiY2Ir,True
mp-867272,LiAlCu2,True
mp-862658,LiCu3,True
mp-867278,DyPaTc2,True
mp-1102084,DyTc2,True
mp-867304,BeVFe2,True
mp-867319,Al2CoIr,True
mp-867344,Er2NiOs,True
mp-867786,ScNbOs2,True
mp-867795,ScNbTc2,True
mp-867804,ScPaRu2,True
mp-867813,LiLa2Os,True
mp-867821,TaTiMn2,True
mp-867850,ScMnRh2,True
mp-2039,ScMn2,True
mp-867874,BeVRu2,True
mp-867918,ErPaRu2,True
mp-972246,Tb2ReC2,True
mp-1102249,TbRe2,True
mp-30744,IrW,True
mp-30745,Ir3W,True
mp-972337,Ti2IrW,True
mp-973089,ScTaFe2,True
mp-973756,Lu2Mo2C3,True
mp-974063,HoScRu2,True
mp-977363,Ta2TcMo,True
mp-977382,Ta2VRu,True
mp-977393,LiLu2Ru,True
mp-977407,Hf2ReRh,True
mp-977541,Hf2TcOs,True
mp-977545,ZrTc2W,True
mp-977567,Hf2CuRe,True
mp-865091,HfMnRh2,True
mp-11449,HfMn2,True
mp-977572,Hf2MnRh,True
mp-979041,Tm(AlC)3,True
mp-979433,YLuCu2,True
mp-979917,DyYRh2,True
mp-979966,Yb2Cr2C3,True
mp-980669,TmLuCo2,True
mp-984768,DyHoIr2,True
mp-999290,PuCoC2,True
mp-1005986,Zr9CoMo4,True
mp-1025363,Dy2Mo2C3,True
mp-1025369,Tm2Mo2C3,True
mp-1025372,Y2Cr2C3,True
mp-10699,LuRh3C,True
mp-1080785,ThAlRh,True
mp-1102030,YTc2,True
mp-1181428,DyWC2,True
mp-1183898,Eu2CuIr,True
mp-1184120,DyTmIr2,True
mp-1184202,ErLuCu2,True
mp-1184522,GdLuCu2,True
mp-1184525,GdPaRu2,True
mp-1184583,Ho2AlRu,True
mp-1212260,Ho3(Al3Ru)4,True
mp-1212388,Ho(Al5Ru)2,True
mp-1184602,Hf2MnCo,True
mp-1184742,GdZrRu2,True
mp-1184850,HoTmRh2,True
mp-1185986,MnBeIr2,True
mp-1186206,Nb2MoRu,True
mp-1186389,PaAlFe2,True
mp-973908,PaFe3,True
mp-1186451,Pm2CoCu,True
mp-1186598,PmHoIr2,True
mp-1187201,Ta2VRe,True
mp-1187212,Ta2ReTc,True
mp-1187348,TbHoRh2,True
mp-1187370,TbPmIr2,True
mp-1187420,Ti2MoOs,True
mp-1187461,Ti2VOs,True
mp-1187511,TiRe2Mo,True
mp-1187629,YbPaIr2,True
mp-30741,PaIr3,True
mp-1187865,YTmRu2,True
mp-1187977,Zr2FeOs,True
mp-1188046,ZrPaTc2,True
mp-1188587,ErWC2,True
mp-1192673,Zr6Al16Rh7,True
mp-977435,ZrAlRh2,True
mp-1194288,PaBe13,True
mp-1197724,Ce(Al10V)2,True
mp-1199972,Ho10Mn13C18,True
mp-14015,HoMn12,True
mp-1203385,Lu10Mn13C18,True
mp-1204963,Pr(Al10V)2,True
mp-1206127,CeRu3C,True
mp-1207415,Zr6Be15Co8,True
mp-1207422,Zr6Be15Cu8,True
mp-1207698,Y(Al5Ru)2,True
mp-1207719,Yb6Ta4Al43,True
mp-1207814,Y3(Al3Os)4,True
mp-1207833,Yb6Al43Cr4,True
mp-1207859,Y(Al5Re)2,True
mp-1208160,Tm6Al43V4,True
mp-1208242,Ti6Be15Cu8,True
mp-1208386,Tb(Al5Re)2,True
mp-1208540,Tb2(Al3Rh)3,True
mp-1095666,TbOs2,True
mp-1189565,Tb3Os,True
mp-1208548,Tb3(Al3Os)4,True
mp-1208899,Sm2(Al3Ir)3,True
mp-1209147,Sm6Ti4Al43,True
mp-1209186,Sm6Ta4Al43,True
mp-1210077,Nd12(OsC3)5,True
mp-1210322,Nd6Ti4Al43,True
mp-1212088,HoAlRh,True
mp-1212412,Ho6Al43V4,True
mp-1212455,Hf6Be15Cu8,True
mp-1213083,Dy2(Al3Rh)3,True
mp-1213424,Er6Ta4Al43,True
mp-1213435,Er6Nb4Al43,True
mp-1213885,Ce2(Al3Ir)3,True
mp-1191930,CeIr3,True
mp-582,CeIr2,True
mp-680536,Ce5Ir4,True
mp-1214241,Be15(Nb3Cu4)2,True
mp-1215222,ZrNbC2,True
mp-1215517,Zr2MnFe3,True
mp-1215554,Zr2FeCo3,True
mp-1215704,Zr3Mn8Al,True
mp-1216653,UNbC2,True
mp-1217473,TbHoFe4,True
mp-1217482,TbHoCo4,True
mp-1217496,ThScFe6,True
mp-867754,Ta4Ni2C,True
mp-1218112,Ta6V3Ni3C2,True
mp-1219116,SmHo3Ni4,True
mp-864841,Nb4Ni2C,True
mp-1220550,Nb6V3Ni3C2,True
mp-1220599,NbVNi,True
mp-1222913,LaCeRu4,True
mp-1223428,LaCeNi10,True
mp-1224067,HfZrW4,True
mp-1224193,HfZrMo4,True
mp-1226566,CeOsRu,True
mp-1227057,Ce2Mn17C2,True
mp-1677,Be2Mo,True
mp-1475,Be12Mo,True
mp-15812,Mn3Mo3C,True
mp-1659,ThRe2,True
mp-2149,NpIr2,True
mp-22664,HoRh3C,True
mp-30174,Ca4Al51Cr7,True
mp-30439,Ta6Be15Cu8,True
mp-31081,Sc(MnAl2)4,True
mp-5383,NdNiC2,True
mp-541859,Tb12(OsC3)5,True
mp-542103,TbRh3C,True
mp-567159,Dy6Ti4Al43,True
mp-568643,RbC8,True
mp-1179656,Rb,True
mp-5778,AlVFe2,True
mp-639789,Fe2Re3,True
mp-652608,UWC2,True
mp-819,HfCr2,True
mp-861616,LiSc2Ir,True
mp-861666,LiRu2W,True
mp-861883,Ac2CuIr,True
mp-861954,LiTaRu2,True
mp-861963,LiLu2Os,True
mp-861983,Ti2MnFe,True
mp-862288,AlFe2W,True
mp-862372,Sc2RuRh,True
mp-862424,Sc2TcNi,True
mp-862614,LiTm2Ru,True
mp-862617,AcAl3,True
mp-862712,Sc2CoIr,True
mp-862776,TmPaOs2,True
mp-862838,PmAlCu2,True
mp-862944,Er2CuRu,True
mp-863660,Pm2CoIr,True
mp-863675,LiPm2Ru,True
mp-863734,ErPaTc2,True
mp-1095604,ErTc2,True
mp-864639,Ta2NbOs,True
mp-864835,Hf2CoIr,True
mp-864895,Be2NiRh,True
mp-864930,LiTiIr2,True
mp-864992,MnNbRu2,True
mp-865030,HfScRu2,True
mp-865041,HfScRh2,True
mp-12595,MoRh,True
mp-30787,MoRh3,True
mp-865130,Hf2MoRh,True
mp-865138,Hf2MnIr,True
mp-865148,PaAlTc2,True
mp-865215,TmHfRu2,True
mp-865229,Be2NiIr,True
mp-865277,TmZrRu2,True
mp-865337,Lu2NiIr,True
mp-865364,DyTaRu2,True
mp-865462,MnV2Os,True
mp-865494,V2CrRu,True
mp-865516,YPaRu2,True
mp-865603,Y2IrRh,True
mp-865608,LuPaOs2,True
mp-865665,TiReTc2,True
mp-865793,LiSc2Rh,True
mp-865807,Ti2MoIr,True
mp-865876,Ti2TcOs,True
mp-865914,TiVTc2,True
mp-865936,LiSc2Tc,True
mp-865949,TmNpRu2,True
mp-865959,LiHo2Ru,True
mp-865966,BeAlIr2,True
mp-866058,LiGd2Ru,True
mp-866100,Er2CuOs,True
mp-866114,HfTc2W,True
mp-866116,HoTaRu2,True
mp-866125,LuTaRu2,True
mp-866150,LiSm2Os,True
mp-866284,Al2IrOs,True
mp-866299,ErTaOs2,True
mp-867151,ScPaOs2,True
mp-867249,TaAlFe2,True
mp-867269,LiHo2Os,True
mp-867273,Be2CuIr,True
mp-867282,Tb2IrRh,True
mp-867285,LiTb2Ir,True
mp-867774,Ta2CrOs,True
mp-867775,Al2NiRu,True
mp-867802,Sc2CuOs,True
mp-867828,BeNbRu2,True
mp-1578,V3Rh,True
mp-867829,LiVRh2,True
mp-971751,VRh,True
mp-866161,VRh3,True
mp-867837,BeCrRu2,True
mp-867846,TaTiRe2,True
mp-2006,V3Ir,True
mp-867927,LiVIr2,True
mp-865496,VIr3,True
mp-569250,VIr,True
mp-972236,V2MoW,True
mp-972650,SmDyRh2,True
mp-972957,ScTiRu2,True
mp-973612,Hf9CoMo4,True
mp-973890,HoHfRu2,True
mp-976286,HoErRh2,True
mp-976311,HoErRu2,True
mp-977550,ZrScOs2,True
mp-978539,SmTmRu2,True
mp-979042,Tm2BeOs,True
mp-1193090,TmBe13,True
mp-979288,Ta2NbRh,True
mp-980005,AcYbRh2,True
mp-980648,TmThRu2,True
mp-981365,V2ReRu,True
mp-999088,ThCoC2,True
